CODE,GeographicArea,CODE,Region,Sex,ALL AGES,Age0to15,Age16to20,Age21to25,Age26to30,Age31to40,Age41to50,Age51to60,Age61to90
E06000047,County Durham,E06000047,NORTH EAST,M,"255,299","45,429","17,068","18,518","14,585","28,377","35,722","35,521","60,079"
E06000005,Darlington,E06000005,NORTH EAST,M,"51,229","10,264","2,920","2,786","3,071","6,201","7,334","6,960","11,693"
E06000001,Hartlepool,E06000001,NORTH EAST,M,"45,104","9,021","2,846","2,895","2,911","4,929","6,195","6,397","9,910"
E06000002,Middlesbrough,E06000002,NORTH EAST,M,"68,662","14,526","5,034","6,316","5,112","7,819","8,429","8,630","12,796"
E06000057,Northumberland,E06000057,NORTH EAST,M,"153,914","26,891","8,611","8,229","8,013","15,732","20,859","23,438","42,141"
E06000003,Redcar and Cleveland,E06000003,NORTH EAST,M,"65,733","12,528","4,041","4,040","3,836","6,683","8,699","9,381","16,525"
E06000004,Stockton-on-Tees,E06000004,NORTH EAST,M,"95,496","19,542","6,105","6,574","6,307","11,334","13,221","12,758","19,655"
E08000037,Gateshead,E08000037,NORTH EAST,M,"98,806","17,982","6,563","6,025","6,863","12,930","13,382","13,431","21,630"
E08000021,Newcastle upon Tyne,E08000021,NORTH EAST,M,"148,097","26,144","13,390","19,984","12,974","18,255","16,990","16,205","24,155"
E08000022,North Tyneside,E08000022,NORTH EAST,M,"97,896","18,611","5,383","5,315","5,785","12,830","14,193","13,835","21,944"
E08000023,South Tyneside,E08000023,NORTH EAST,M,"71,985","13,184","4,389","4,676","4,747","7,986","9,888","10,761","16,354"
E08000024,Sunderland,E08000024,NORTH EAST,M,"134,956","24,823","8,453","10,261","9,254","15,277","18,365","19,252","29,271"
E06000008,Blackburn with Darwen,E06000008,NORTH WEST,M,"73,180","17,353","5,192","4,634","4,805","9,759","10,234","8,766","12,437"
E06000009,Blackpool,E06000009,NORTH WEST,M,"68,795","12,883","4,044","4,320","4,214","7,423","10,014","9,922","15,975"
E06000049,Cheshire East,E06000049,NORTH WEST,M,"183,927","34,000","10,458","9,886","9,195","20,024","27,245","26,494","46,625"
E06000050,Cheshire West and Chester,E06000050,NORTH WEST,M,"162,790","30,033","9,866","10,097","9,100","18,080","23,394","22,634","39,586"
E06000006,Halton,E06000006,NORTH WEST,M,"61,772","12,848","3,713","3,813","3,919","7,483","8,691","8,278","13,027"
E06000007,Warrington,E06000007,NORTH WEST,M,"103,097","20,381","5,890","6,302","6,444","13,107","15,783","14,042","21,148"
E07000026,Allerdale,E07000026,NORTH WEST,M,"47,591","8,077","2,723","2,652","2,480","4,794","6,827","6,963","13,075"
E07000027,Barrow-in-Furness,E07000027,NORTH WEST,M,"33,401","6,032","1,992","2,058","2,051","3,546","4,733","4,744","8,245"
E07000028,Carlisle,E07000028,NORTH WEST,M,"52,827","9,628","2,861","3,305","3,052","6,124","7,497","7,621","12,739"
E07000029,Copeland,E07000029,NORTH WEST,M,"35,046","6,054","1,915","2,099","2,017","3,637","4,976","5,394","8,954"
E07000030,Eden,E07000030,NORTH WEST,M,"26,005","4,229","1,398","1,405","1,274","2,318","3,659","3,938","7,784"
E07000031,South Lakeland,E07000031,NORTH WEST,M,"50,596","7,948","2,867","2,403","2,224","4,669","6,902","7,647","15,936"
E08000001,Bolton,E08000001,NORTH WEST,M,"139,572","30,502","9,260","9,177","9,196","17,101","19,683","17,072","27,581"
E08000002,Bury,E08000002,NORTH WEST,M,"91,969","19,642","5,459","5,650","5,606","11,375","13,202","11,989","19,046"
E08000003,Manchester,E08000003,NORTH WEST,M,"268,389","54,124","21,374","34,305","30,921","43,855","30,977","23,595","29,238"
E08000004,Oldham,E08000004,NORTH WEST,M,"113,661","26,676","7,440","7,363","7,735","14,414","15,796","13,442","20,795"
E08000005,Rochdale,E08000005,NORTH WEST,M,"105,354","23,282","6,840","7,039","6,918","13,179","14,689","13,228","20,179"
E08000006,Salford,E08000006,NORTH WEST,M,"123,672","24,781","7,533","10,315","11,441","18,641","15,967","14,331","20,663"
E08000007,Stockport,E08000007,NORTH WEST,M,"141,372","28,379","7,822","7,804","8,177","17,277","20,474","19,391","32,048"
E08000008,Tameside,E08000008,NORTH WEST,M,"108,877","22,108","6,514","6,723","7,059","13,232","15,970","14,930","22,341"
E08000009,Trafford,E08000009,NORTH WEST,M,"114,222","24,691","6,487","6,096","6,854","15,458","17,193","15,088","22,355"
E08000010,Wigan,E08000010,NORTH WEST,M,"160,012","30,982","9,249","9,818","10,167","19,398","24,402","21,159","34,837"
E07000117,Burnley,E07000117,NORTH WEST,M,"43,109","9,095","2,630","2,752","2,839","5,300","5,802","5,586","9,105"
E07000118,Chorley,E07000118,NORTH WEST,M,"56,568","10,639","2,984","3,184","3,436","7,102","8,681","7,745","12,797"
E07000119,Fylde,E07000119,NORTH WEST,M,"37,771","6,187","1,924","1,790","1,922","3,832","5,255","5,687","11,174"
E07000120,Hyndburn,E07000120,NORTH WEST,M,"39,671","8,508","2,448","2,476","2,550","4,785","5,585","4,959","8,360"
E07000121,Lancaster,E07000121,NORTH WEST,M,"70,018","12,260","5,919","7,444","3,953","7,418","8,757","8,593","15,674"
E07000122,Pendle,E07000122,NORTH WEST,M,"44,466","9,522","2,521","2,679","2,995","5,811","5,847","5,478","9,613"
E07000123,Preston,E07000123,NORTH WEST,M,"71,324","14,169","5,557","7,213","5,358","9,068","9,485","8,407","12,067"
E07000124,Ribble Valley,E07000124,NORTH WEST,M,"28,705","5,267","1,773","1,423","1,332","2,540","4,416","4,375","7,579"
E07000125,Rossendale,E07000125,NORTH WEST,M,"34,163","6,976","1,895","1,900","2,028","3,997","5,218","4,758","7,391"
E07000126,South Ribble,E07000126,NORTH WEST,M,"53,671","10,159","3,016","3,060","3,191","6,135","7,996","7,375","12,739"
E07000127,West Lancashire,E07000127,NORTH WEST,M,"54,739","10,112","3,957","4,120","2,925","5,019","7,641","7,548","13,417"
E07000128,Wyre,E07000128,NORTH WEST,M,"53,569","9,135","3,059","2,952","2,698","5,044","7,020","7,610","16,051"
E08000011,Knowsley,E08000011,NORTH WEST,M,"69,985","14,733","4,699","4,858","4,610","7,546","9,194","10,308","14,037"
E08000012,Liverpool,E08000012,NORTH WEST,M,"237,018","41,197","17,839","25,243","21,595","33,852","28,724","27,721","40,847"
E08000014,Sefton,E08000014,NORTH WEST,M,"131,504","24,054","7,727","7,898","7,845","13,354","17,696","19,432","33,498"
E08000013,St. Helens,E08000013,NORTH WEST,M,"87,210","16,402","5,150","5,342","5,446","10,150","12,491","11,896","20,333"
E08000015,Wirral,E08000015,NORTH WEST,M,"154,778","30,600","9,229","8,731","8,920","17,069","21,181","21,549","37,499"
E06000011,East Riding of Yorkshire,E06000011,YORKSHIRE AND THE HUMBER,M,"165,045","28,119","9,691","8,216","7,713","16,403","23,495","24,588","46,820"
E06000010,Kingston upon Hull,E06000010,YORKSHIRE AND THE HUMBER,M,"130,159","25,718","8,433","12,503","10,835","17,318","17,229","15,618","22,505"
E06000012,North East Lincolnshire,E06000012,YORKSHIRE AND THE HUMBER,M,"78,263","15,405","4,638","4,991","5,297","8,747","10,809","10,620","17,756"
E06000013,North Lincolnshire,E06000013,YORKSHIRE AND THE HUMBER,M,"83,997","16,092","4,680","4,829","5,079","9,558","11,855","11,961","19,943"
E06000014,York,E06000014,YORKSHIRE AND THE HUMBER,M,"101,260","16,594","8,256","10,760","7,507","12,670","13,192","12,009","20,272"
E07000163,Craven,E07000163,YORKSHIRE AND THE HUMBER,M,"26,965","4,706","1,459","1,272","1,219","2,433","3,761","4,171","7,944"
E07000164,Hambleton,E07000164,YORKSHIRE AND THE HUMBER,M,"44,287","7,602","2,281","2,237","2,478","4,235","6,151","6,650","12,653"
E07000165,Harrogate,E07000165,YORKSHIRE AND THE HUMBER,M,"76,609","14,421","4,871","3,283","3,623","8,168","11,486","11,473","19,284"
E07000166,Richmondshire,E07000166,YORKSHIRE AND THE HUMBER,M,"28,012","4,837","1,837","2,635","2,517","2,944","3,603","3,549","6,090"
E07000167,Ryedale,E07000167,YORKSHIRE AND THE HUMBER,M,"25,979","4,292","1,615","1,235","1,133","2,251","3,490","4,019","7,944"
E07000168,Scarborough,E07000168,YORKSHIRE AND THE HUMBER,M,"52,308","8,748","2,864","3,144","2,738","4,846","6,607","7,800","15,561"
E07000169,Selby,E07000169,YORKSHIRE AND THE HUMBER,M,"42,161","8,017","2,291","2,222","2,304","4,766","6,416","6,327","9,818"
E08000016,Barnsley,E08000016,YORKSHIRE AND THE HUMBER,M,"118,127","22,496","6,991","7,186","7,510","13,807","17,570","16,317","26,250"
E08000017,Doncaster,E08000017,YORKSHIRE AND THE HUMBER,M,"150,976","29,549","8,631","9,837","10,190","19,079","20,670","20,776","32,244"
E08000018,Rotherham,E08000018,YORKSHIRE AND THE HUMBER,M,"128,356","25,500","7,792","7,811","7,988","14,295","18,690","17,744","28,536"
E08000019,Sheffield,E08000019,YORKSHIRE AND THE HUMBER,M,"283,120","53,166","23,043","30,940","20,789","35,095","36,795","31,808","51,484"
E08000032,Bradford,E08000032,YORKSHIRE AND THE HUMBER,M,"261,836","63,395","17,869","17,350","17,704","36,499","34,861","30,066","44,092"
E08000033,Calderdale,E08000033,YORKSHIRE AND THE HUMBER,M,"102,227","20,669","6,026","5,856","6,074","12,355","15,627","14,252","21,368"
E08000034,Kirklees,E08000034,YORKSHIRE AND THE HUMBER,M,"214,967","44,554","14,131","15,355","13,640","27,090","31,071","26,903","42,223"
E08000035,Leeds,E08000035,YORKSHIRE AND THE HUMBER,M,"379,759","74,652","28,542","36,856","29,007","51,185","49,952","42,585","66,980"
E08000036,Wakefield,E08000036,YORKSHIRE AND THE HUMBER,M,"163,998","31,750","9,263","9,867","10,635","19,421","24,413","22,780","35,869"
E06000015,Derby,E06000015,EAST MIDLANDS,M,"126,026","27,186","8,767","10,105","9,461","16,137","17,089","14,611","22,670"
E06000016,Leicester,E06000016,EAST MIDLANDS,M,"170,336","37,578","13,348","18,529","14,049","24,808","20,091","18,096","23,837"
E06000018,Nottingham,E06000018,EAST MIDLANDS,M,"161,093","30,408","16,394","23,163","13,204","21,690","18,760","15,718","21,756"
E06000017,Rutland,E06000017,EAST MIDLANDS,M,"19,388","3,369","1,367","1,147","1,180","1,992","2,577","2,568","5,188"
E07000032,Amber Valley,E07000032,EAST MIDLANDS,M,"60,936","10,792","3,293","3,398","3,192","6,637","9,423","8,860","15,341"
E07000033,Bolsover,E07000033,EAST MIDLANDS,M,"38,358","6,993","2,248","2,382","2,283","4,468","5,855","5,308","8,821"
E07000034,Chesterfield,E07000034,EAST MIDLANDS,M,"51,262","8,936","3,196","3,078","3,114","5,996","7,616","7,288","12,038"
E07000035,Derbyshire Dales,E07000035,EAST MIDLANDS,M,"34,970","5,604","1,973","1,733","1,544","2,910","5,220","5,507","10,479"
E07000036,Erewash,E07000036,EAST MIDLANDS,M,"56,063","10,649","3,287","3,343","3,344","6,359","8,481","7,909","12,691"
E07000037,High Peak,E07000037,EAST MIDLANDS,M,"45,051","7,974","2,719","2,787","2,464","4,676","6,851","6,888","10,692"
E07000038,North East Derbyshire,E07000038,EAST MIDLANDS,M,"48,702","8,046","2,710","2,772","2,460","4,850","7,153","7,139","13,572"
E07000039,South Derbyshire,E07000039,EAST MIDLANDS,M,"49,158","9,715","3,020","2,668","2,724","6,085","7,905","6,561","10,480"
E07000129,Blaby,E07000129,EAST MIDLANDS,M,"47,379","9,133","3,094","2,513","2,655","5,495","7,006","6,533","10,950"
E07000130,Charnwood,E07000130,EAST MIDLANDS,M,"88,990","15,220","8,404","9,337","5,353","10,045","11,692","10,798","18,141"
E07000131,Harborough,E07000131,EAST MIDLANDS,M,"44,302","8,623","2,584","2,171","2,076","4,545","6,990","6,502","10,811"
E07000132,Hinckley and Bosworth,E07000132,EAST MIDLANDS,M,"53,554","9,898","2,874","2,839","2,921","6,116","8,076","7,495","13,335"
E07000133,Melton,E07000133,EAST MIDLANDS,M,"24,942","4,519","1,413","1,299","1,254","2,506","3,794","3,791","6,366"
E07000134,North West Leicestershire,E07000134,EAST MIDLANDS,M,"48,205","9,148","2,774","2,703","2,580","5,447","7,618","6,667","11,268"
E07000135,Oadby and Wigston,E07000135,EAST MIDLANDS,M,"26,974","4,905","2,656","1,576","1,362","2,767","3,609","3,743","6,356"
E07000136,Boston,E07000136,EAST MIDLANDS,M,"32,932","6,186","1,849","1,962","2,264","4,159","4,353","4,135","8,024"
E07000137,East Lindsey,E07000137,EAST MIDLANDS,M,"67,413","10,619","3,482","3,427","3,146","5,705","8,275","9,607","23,152"
E07000138,Lincoln,E07000138,EAST MIDLANDS,M,"47,835","8,394","4,408","5,534","3,958","6,289","5,653","5,320","8,279"
E07000139,North Kesteven,E07000139,EAST MIDLANDS,M,"54,726","9,736","3,040","2,865","3,105","5,877","7,969","7,435","14,699"
E07000140,South Holland,E07000140,EAST MIDLANDS,M,"44,709","7,848","2,490","2,336","2,581","4,778","6,163","6,063","12,450"
E07000141,South Kesteven,E07000141,EAST MIDLANDS,M,"67,128","12,762","3,841","3,242","3,409","7,061","9,889","9,680","17,244"
E07000142,West Lindsey,E07000142,EAST MIDLANDS,M,"45,387","8,145","2,599","2,402","2,090","4,230","6,296","6,751","12,874"
E07000150,Corby,E07000150,EAST MIDLANDS,M,"32,779","7,306","1,850","1,969","2,347","4,807","4,679","4,294","5,527"
E07000151,Daventry,E07000151,EAST MIDLANDS,M,"39,953","7,533","2,293","2,170","2,059","4,065","6,193","6,019","9,621"
E07000152,East Northamptonshire,E07000152,EAST MIDLANDS,M,"44,368","8,791","2,817","2,261","2,199","4,731","6,947","6,060","10,562"
E07000153,Kettering,E07000153,EAST MIDLANDS,M,"48,013","10,072","2,542","2,754","2,831","6,253","7,324","6,090","10,147"
E07000154,Northampton,E07000154,EAST MIDLANDS,M,"110,003","23,423","6,842","7,571","8,259","16,680","15,534","12,807","18,887"
E07000155,South Northamptonshire,E07000155,EAST MIDLANDS,M,"43,862","8,738","2,518","2,159","1,904","4,552","6,967","6,512","10,512"
E07000156,Wellingborough,E07000156,EAST MIDLANDS,M,"37,742","8,006","2,201","1,957","2,098","4,527","5,702","4,858","8,393"
E07000170,Ashfield,E07000170,EAST MIDLANDS,M,"60,615","11,792","3,631","3,669","3,773","7,032","9,004","8,303","13,411"
E07000171,Bassetlaw,E07000171,EAST MIDLANDS,M,"56,821","10,144","3,369","3,400","3,149","6,133","8,212","8,370","14,044"
E07000172,Broxtowe,E07000172,EAST MIDLANDS,M,"55,600","9,941","3,137","3,547","3,864","6,768","8,037","7,358","12,948"
E07000173,Gedling,E07000173,EAST MIDLANDS,M,"56,416","10,653","3,177","3,229","3,214","6,689","8,279","7,818","13,357"
E07000174,Mansfield,E07000174,EAST MIDLANDS,M,"52,406","9,983","2,963","3,294","3,536","6,391","7,453","7,291","11,495"
E07000175,Newark and Sherwood,E07000175,EAST MIDLANDS,M,"58,414","10,750","3,372","3,429","3,264","6,276","8,596","8,266","14,461"
E07000176,Rushcliffe,E07000176,EAST MIDLANDS,M,"56,386","10,764","3,326","3,449","2,721","6,543","8,458","7,858","13,267"
E06000019,Herefordshire,E06000019,WEST MIDLANDS,M,"93,080","16,363","5,052","5,038","5,612","10,254","12,574","12,982","25,205"
E06000051,Shropshire,E06000051,WEST MIDLANDS,M,"154,426","26,307","8,962","8,847","8,979","15,990","21,897","22,193","41,251"
E06000021,Stoke-on-Trent,E06000021,WEST MIDLANDS,M,"125,396","25,567","7,870","9,478","9,108","16,059","17,165","15,552","24,597"
E06000020,Telford and Wrekin,E06000020,WEST MIDLANDS,M,"84,897","17,562","5,621","5,836","5,303","10,776","12,578","10,635","16,586"
E07000192,Cannock Chase,E07000192,WEST MIDLANDS,M,"48,741","9,161","2,965","3,070","3,129","5,880","7,549","6,580","10,407"
E07000193,East Staffordshire,E07000193,WEST MIDLANDS,M,"57,964","11,412","3,302","3,665","3,649","7,214","8,516","7,948","12,258"
E07000194,Lichfield,E07000194,WEST MIDLANDS,M,"50,895","8,962","3,046","2,880","2,672","5,376","7,544","7,048","13,367"
E07000195,Newcastle-under-Lyme,E07000195,WEST MIDLANDS,M,"63,106","10,863","4,293","5,392","4,062","7,143","8,626","8,257","14,470"
E07000196,South Staffordshire,E07000196,WEST MIDLANDS,M,"55,158","8,771","3,304","3,430","3,126","5,681","8,026","8,064","14,756"
E07000197,Stafford,E07000197,WEST MIDLANDS,M,"66,547","11,355","3,778","4,794","3,931","7,320","9,666","9,172","16,531"
E07000198,Staffordshire Moorlands,E07000198,WEST MIDLANDS,M,"48,329","8,147","2,710","2,462","2,344","4,710","7,277","7,103","13,576"
E07000199,Tamworth,E07000199,WEST MIDLANDS,M,"37,869","7,779","2,347","2,261","2,403","4,731","5,729","4,719","7,900"
E07000218,North Warwickshire,E07000218,WEST MIDLANDS,M,"30,977","5,506","1,753","1,722","1,739","3,214","4,703","4,579","7,761"
E07000219,Nuneaton and Bedworth,E07000219,WEST MIDLANDS,M,"61,865","12,156","3,767","3,708","3,760","7,636","8,985","8,235","13,618"
E07000220,Rugby,E07000220,WEST MIDLANDS,M,"51,461","10,480","3,053","2,643","3,052","6,518","7,694","6,813","11,208"
E07000221,Stratford-on-Avon,E07000221,WEST MIDLANDS,M,"59,116","10,472","3,198","2,682","2,740","5,671","8,452","8,667","17,234"
E07000222,Warwick,E07000222,WEST MIDLANDS,M,"70,111","12,472","4,406","6,919","4,530","9,041","9,723","8,704","14,316"
E08000025,Birmingham,E08000025,WEST MIDLANDS,M,"548,798","130,881","43,030","49,691","43,256","75,145","67,867","56,350","82,578"
E08000026,Coventry,E08000026,WEST MIDLANDS,M,"173,925","34,734","14,049","19,232","15,945","23,286","20,829","17,905","27,945"
E08000027,Dudley,E08000027,WEST MIDLANDS,M,"155,451","30,792","9,285","9,152","9,606","18,375","22,432","19,947","35,862"
E08000028,Sandwell,E08000028,WEST MIDLANDS,M,"157,799","36,225","10,171","10,764","11,433","21,458","21,934","18,373","27,441"
E08000029,Solihull,E08000029,WEST MIDLANDS,M,"102,315","20,741","6,250","5,830","5,776","10,855","14,734","13,968","24,161"
E08000030,Walsall,E08000030,WEST MIDLANDS,M,"135,725","29,748","8,573","8,705","9,051","16,806","18,765","16,570","27,507"
E08000031,Wolverhampton,E08000031,WEST MIDLANDS,M,"125,763","26,588","8,016","9,013","9,230","16,451","17,536","14,748","24,181"
E07000234,Bromsgrove,E07000234,WEST MIDLANDS,M,"47,299","8,721","2,710","2,605","2,549","4,840","7,175","6,641","12,058"
E07000235,Malvern Hills,E07000235,WEST MIDLANDS,M,"36,881","6,156","2,142","1,804","1,442","3,131","4,980","5,582","11,644"
E07000236,Redditch,E07000236,WEST MIDLANDS,M,"42,139","8,671","2,407","2,523","2,781","5,871","5,781","5,276","8,829"
E07000237,Worcester,E07000237,WEST MIDLANDS,M,"50,075","9,646","3,432","4,311","3,336","6,617","7,191","6,166","9,376"
E07000238,Wychavon,E07000238,WEST MIDLANDS,M,"59,583","10,388","3,233","3,002","2,865","5,786","8,558","8,844","16,907"
E07000239,Wyre Forest,E07000239,WEST MIDLANDS,M,"49,067","8,779","2,741","2,679","2,659","5,213","6,963","6,414","13,619"
E06000055,Bedford,E06000055,EAST OF ENGLAND,M,"82,070","17,285","5,268","5,053","4,883","10,648","11,952","10,549","16,432"
E06000056,Central Bedfordshire,E06000056,EAST OF ENGLAND,M,"135,755","27,144","7,574","7,708","8,807","17,456","20,377","18,670","28,019"
E06000032,Luton,E06000032,EAST OF ENGLAND,M,"108,395","26,143","6,733","8,346","9,915","17,206","13,452","11,394","15,206"
E06000031,Peterborough,E06000031,EAST OF ENGLAND,M,"97,022","22,218","5,601","6,484","7,894","14,575","13,216","10,875","16,159"
E06000033,Southend-on-Sea,E06000033,EAST OF ENGLAND,M,"87,505","17,461","5,027","4,882","5,378","11,610","12,993","11,341","18,813"
E06000034,Thurrock,E06000034,EAST OF ENGLAND,M,"81,349","18,724","4,890","4,837","5,474","11,836","12,423","9,714","13,451"
E07000008,Cambridge,E07000008,EAST OF ENGLAND,M,"67,938","10,357","6,498","10,548","7,263","10,507","7,773","6,126","8,866"
E07000009,East Cambridgeshire,E07000009,EAST OF ENGLAND,M,"43,029","9,026","2,310","1,976","2,232","5,570","6,604","5,597","9,714"
E07000010,Fenland,E07000010,EAST OF ENGLAND,M,"49,015","8,906","2,784","2,860","3,045","5,514","6,717","6,568","12,621"
E07000011,Huntingdonshire,E07000011,EAST OF ENGLAND,M,"87,313","16,870","4,834","4,690","5,562","10,684","13,310","12,022","19,341"
E07000012,South Cambridgeshire,E07000012,EAST OF ENGLAND,M,"76,699","15,757","4,183","3,469","4,239","10,120","11,800","10,327","16,804"
E07000066,Basildon,E07000066,EAST OF ENGLAND,M,"88,302","18,949","5,347","5,309","5,947","11,503","12,714","11,236","17,297"
E07000067,Braintree,E07000067,EAST OF ENGLAND,M,"73,742","14,903","4,229","3,947","4,201","8,745","11,236","9,929","16,552"
E07000068,Brentwood,E07000068,EAST OF ENGLAND,M,"36,895","7,075","2,099","2,061","2,229","4,448","5,388","5,207","8,388"
E07000069,Castle Point,E07000069,EAST OF ENGLAND,M,"43,392","7,444","2,689","2,595","2,375","4,188","5,975","6,038","12,088"
E07000070,Chelmsford,E07000070,EAST OF ENGLAND,M,"85,145","16,604","4,843","5,114","5,528","11,069","12,572","11,070","18,345"
E07000071,Colchester,E07000071,EAST OF ENGLAND,M,"91,207","17,668","6,323","7,867","6,425","11,950","12,602","10,511","17,861"
E07000072,Epping Forest,E07000072,EAST OF ENGLAND,M,"62,733","12,196","3,565","3,853","3,658","7,713","9,208","8,530","14,010"
E07000073,Harlow,E07000073,EAST OF ENGLAND,M,"41,546","9,482","2,567","2,505","2,907","6,009","5,578","5,305","7,193"
E07000074,Maldon,E07000074,EAST OF ENGLAND,M,"30,921","5,369","1,775","1,558","1,377","2,797","4,564","4,706","8,775"
E07000075,Rochford,E07000075,EAST OF ENGLAND,M,"41,647","7,498","2,520","2,357","2,079","4,293","6,260","5,857","10,783"
E07000076,Tendring,E07000076,EAST OF ENGLAND,M,"67,836","11,785","3,902","3,555","3,008","5,546","8,361","9,205","22,474"
E07000077,Uttlesford,E07000077,EAST OF ENGLAND,M,"41,980","8,701","2,455","2,136","2,070","4,481","6,615","6,061","9,461"
E07000095,Broxbourne,E07000095,EAST OF ENGLAND,M,"46,514","9,883","2,804","2,898","2,947","6,050","6,694","5,905","9,333"
E07000096,Dacorum,E07000096,EAST OF ENGLAND,M,"74,530","15,447","4,064","4,195","4,805","10,269","11,102","10,146","14,502"
E07000242,East Hertfordshire,E07000242,EAST OF ENGLAND,M,"70,981","14,539","4,065","3,599","3,809","9,173","11,540","9,986","14,270"
E07000098,Hertsmere,E07000098,EAST OF ENGLAND,M,"49,513","10,923","2,855","2,790","3,000","6,434","7,072","6,455","9,984"
E07000099,North Hertfordshire,E07000099,EAST OF ENGLAND,M,"64,621","13,170","3,444","3,268","3,728","8,777","9,890","8,649","13,695"
E07000240,St Albans,E07000240,EAST OF ENGLAND,M,"71,358","16,432","3,737","3,208","3,814","9,967","11,563","8,924","13,713"
E07000243,Stevenage,E07000243,EAST OF ENGLAND,M,"42,558","9,131","2,517","2,763","3,178","5,738","6,041","5,810","7,380"
E07000102,Three Rivers,E07000102,EAST OF ENGLAND,M,"44,606","9,497","2,485","2,399","2,449","5,825","6,828","6,016","9,107"
E07000103,Watford,E07000103,EAST OF ENGLAND,M,"47,677","10,687","2,528","2,820","3,898","8,330","6,991","5,418","7,005"
E07000241,Welwyn Hatfield,E07000241,EAST OF ENGLAND,M,"58,862","11,122","4,606","6,287","4,506","7,797","7,404","6,886","10,254"
E07000143,Breckland,E07000143,EAST OF ENGLAND,M,"67,326","12,117","3,850","3,733","3,998","7,284","9,001","8,829","18,514"
E07000144,Broadland,E07000144,EAST OF ENGLAND,M,"61,847","10,606","3,407","3,042","2,837","6,382","9,179","8,714","17,680"
E07000145,Great Yarmouth,E07000145,EAST OF ENGLAND,M,"48,668","8,873","3,049","2,991","3,047","5,206","6,111","6,303","13,088"
E07000146,King's Lynn and West Norfolk,E07000146,EAST OF ENGLAND,M,"73,910","13,167","3,899","4,161","4,532","7,645","9,517","9,719","21,270"
E07000147,North Norfolk,E07000147,EAST OF ENGLAND,M,"50,225","7,426","2,528","2,263","2,271","4,256","6,068","7,167","18,246"
E07000148,Norwich,E07000148,EAST OF ENGLAND,M,"68,862","12,026","4,841","8,099","6,503","10,213","8,797","6,954","11,429"
E07000149,South Norfolk,E07000149,EAST OF ENGLAND,M,"63,829","11,961","3,609","2,791","3,049","6,837","9,129","8,678","17,775"
E07000200,Babergh,E07000200,EAST OF ENGLAND,M,"43,450","7,901","2,518","1,962","1,979","4,131","6,253","6,108","12,598"
E07000201,Forest Heath,E07000201,EAST OF ENGLAND,M,"32,174","6,541","1,754","2,799","3,070","4,301","3,587","3,664","6,458"
E07000202,Ipswich,E07000202,EAST OF ENGLAND,M,"67,647","14,080","4,127","4,610","5,302","9,734","9,334","7,959","12,501"
E07000203,Mid Suffolk,E07000203,EAST OF ENGLAND,M,"49,238","8,844","2,716","2,463","2,489","4,967","7,151","6,967","13,641"
E07000204,St Edmundsbury,E07000204,EAST OF ENGLAND,M,"56,386","10,324","3,183","3,394","3,940","7,030","7,977","6,997","13,541"
E07000205,Suffolk Coastal,E07000205,EAST OF ENGLAND,M,"60,913","10,682","3,458","2,768","2,575","5,470","8,416","8,974","18,570"
E07000206,Waveney,E07000206,EAST OF ENGLAND,M,"56,235","10,096","3,177","3,086","2,873","5,445","7,354","7,281","16,923"
E09000007,Camden,E09000007,LONDON,M,"120,489","21,306","7,288","11,133","13,572","23,221","16,143","11,773","16,053"
E09000001,City of London,E09000001,LONDON,M,"4,859",521,156,302,564,927,803,689,897
E09000012,Hackney,E09000012,LONDON,M,"133,779","28,322","6,814","9,149","17,648","31,807","17,017","11,269","11,753"
E09000013,Hammersmith and Fulham,E09000013,LONDON,M,"88,065","15,768","3,979","7,319","10,849","18,665","12,716","8,456","10,313"
E09000014,Haringey,E09000014,LONDON,M,"137,113","27,764","7,629","10,005","14,400","29,020","20,371","13,098","14,826"
E09000019,Islington,E09000019,LONDON,M,"113,737","18,426","6,350","12,093","15,647","24,448","14,805","10,204","11,764"
E09000020,Kensington and Chelsea,E09000020,LONDON,M,"78,362","13,380","3,610","5,324","6,779","15,536","11,750","8,992","12,991"
E09000022,Lambeth,E09000022,LONDON,M,"162,878","29,058","7,412","12,532","24,745","36,359","22,478","15,149","15,145"
E09000023,Lewisham,E09000023,LONDON,M,"146,397","31,437","7,707","10,379","14,479","29,351","21,950","15,128","15,966"
E09000025,Newham,E09000025,LONDON,M,"174,106","38,606","10,602","15,872","23,440","34,935","21,435","14,875","14,341"
E09000028,Southwark,E09000028,LONDON,M,"153,524","29,133","8,232","13,364","19,387","31,385","21,812","15,688","14,523"
E09000030,Tower Hamlets,E09000030,LONDON,M,"153,449","30,302","8,533","15,070","23,498","35,199","18,552","11,322","10,973"
E09000032,Wandsworth,E09000032,LONDON,M,"151,244","28,565","6,020","9,284","20,489","36,429","20,349","13,615","16,493"
E09000033,Westminster,E09000033,LONDON,M,"125,517","19,703","6,437","9,742","14,003","28,115","18,315","12,274","16,928"
E09000002,Barking and Dagenham,E09000002,LONDON,M,"98,966","28,354","6,692","6,872","7,689","15,073","13,390","9,874","11,022"
E09000003,Barnet,E09000003,LONDON,M,"187,184","41,294","10,650","12,252","15,988","30,817","26,188","20,435","29,560"
E09000004,Bexley,E09000004,LONDON,M,"116,761","25,558","7,213","8,008","7,656","15,024","16,406","15,102","21,794"
E09000005,Brent,E09000005,LONDON,M,"164,345","34,823","9,459","12,341","16,316","29,724","21,623","18,183","21,876"
E09000006,Bromley,E09000006,LONDON,M,"156,071","33,056","8,784","8,335","9,390","21,840","23,889","19,979","30,798"
E09000008,Croydon,E09000008,LONDON,M,"183,933","42,456","11,330","11,383","13,359","27,765","26,252","22,969","28,419"
E09000009,Ealing,E09000009,LONDON,M,"172,237","37,841","9,185","11,069","15,591","30,658","24,929","18,825","24,139"
E09000010,Enfield,E09000010,LONDON,M,"159,801","38,466","10,331","10,634","12,534","23,247","22,509","18,396","23,684"
E09000011,Greenwich,E09000011,LONDON,M,"137,849","30,801","8,045","10,363","13,053","25,544","19,201","14,183","16,659"
E09000015,Harrow,E09000015,LONDON,M,"123,087","25,975","7,225","7,820","10,016","19,734","16,193","14,593","21,531"
E09000016,Havering,E09000016,LONDON,M,"119,636","24,452","7,457","7,930","8,028","15,333","16,074","15,795","24,567"
E09000017,Hillingdon,E09000017,LONDON,M,"149,011","32,640","9,812","12,189","11,664","23,451","20,095","16,587","22,573"
E09000018,Hounslow,E09000018,LONDON,M,"136,145","28,981","7,815","8,938","12,670","26,140","18,912","14,512","18,177"
E09000021,Kingston upon Thames,E09000021,LONDON,M,"85,458","17,170","4,973","6,645","6,989","14,392","12,681","9,401","13,207"
E09000024,Merton,E09000024,LONDON,M,"100,473","21,487","4,974","5,724","8,960","19,629","14,712","10,841","14,146"
E09000026,Redbridge,E09000026,LONDON,M,"147,403","34,884","8,897","9,935","12,282","24,963","19,619","15,661","21,162"
E09000027,Richmond upon Thames,E09000027,LONDON,M,"94,616","20,464","4,423","4,114","5,536","16,029","15,904","11,795","16,351"
E09000029,Sutton,E09000029,LONDON,M,"97,498","21,259","5,576","5,232","6,060","15,080","15,272","12,130","16,889"
E09000031,Waltham Forest,E09000031,LONDON,M,"135,519","30,252","7,445","9,742","13,461","25,014","19,552","13,773","16,280"
E06000036,Bracknell Forest,E06000036,SOUTH EAST,M,"58,859","12,667","3,566","3,376","3,957","8,347","9,344","7,895","9,707"
E06000043,Brighton and Hove,E06000043,SOUTH EAST,M,"143,286","23,381","10,059","16,117","12,493","21,849","21,733","15,701","21,953"
E06000046,Isle of Wight,E06000046,SOUTH EAST,M,"68,135","11,462","4,004","3,541","3,382","6,504","8,883","9,598","20,761"
E06000035,Medway,E06000035,SOUTH EAST,M,"137,320","28,687","9,186","10,199","9,879","17,743","19,480","17,219","24,927"
E06000042,Milton Keynes,E06000042,SOUTH EAST,M,"129,552","30,617","7,319","6,979","8,922","21,022","19,022","15,539","20,132"
E06000044,Portsmouth,E06000044,SOUTH EAST,M,"107,678","20,145","8,901","12,932","8,800","14,413","13,792","11,946","16,749"
E06000038,Reading,E06000038,SOUTH EAST,M,"81,402","17,018","5,309","7,121","6,986","14,195","11,097","8,435","11,241"
E06000039,Slough,E06000039,SOUTH EAST,M,"73,230","18,941","4,325","4,200","5,454","13,777","10,448","7,439","8,646"
E06000045,Southampton,E06000045,SOUTH EAST,M,"127,169","22,876","10,962","16,961","11,155","18,413","14,992","13,078","18,732"
E06000037,West Berkshire,E06000037,SOUTH EAST,M,"77,284","16,152","4,506","3,907","4,029","9,177","12,169","11,005","16,339"
E06000040,Windsor and Maidenhead,E06000040,SOUTH EAST,M,"73,201","15,532","4,189","3,452","4,250","9,764","11,356","9,642","15,016"
E06000041,Wokingham,E06000041,SOUTH EAST,M,"79,133","17,145","4,658","3,797","4,179","9,976","12,491","11,017","15,870"
E07000004,Aylesbury Vale,E07000004,SOUTH EAST,M,"93,301","19,855","5,853","5,030","5,525","11,958","14,307","12,761","18,012"
E07000005,Chiltern,E07000005,SOUTH EAST,M,"45,800","9,942","2,576","1,993","1,800","4,711","7,032","6,823","10,923"
E07000006,South Bucks,E07000006,SOUTH EAST,M,"33,347","6,793","1,767","1,547","1,749","3,619","5,063","4,974","7,835"
E07000007,Wycombe,E07000007,SOUTH EAST,M,"86,645","18,245","5,232","5,232","4,961","11,331","12,996","11,000","17,648"
E07000061,Eastbourne,E07000061,SOUTH EAST,M,"49,483","8,999","3,190","3,035","2,867","5,711","6,436","6,214","13,031"
E07000062,Hastings,E07000062,SOUTH EAST,M,"44,720","8,732","2,786","2,660","2,689","5,356","6,550","5,957","9,990"
E07000063,Lewes,E07000063,SOUTH EAST,M,"48,890","9,152","2,762","2,404","2,386","4,867","6,891","6,873","13,555"
E07000064,Rother,E07000064,SOUTH EAST,M,"44,453","7,231","2,509","2,012","1,765","3,426","5,646","6,410","15,454"
E07000065,Wealden,E07000065,SOUTH EAST,M,"75,411","13,831","4,240","3,546","3,333","6,830","10,683","11,219","21,729"
E07000084,Basingstoke and Deane,E07000084,SOUTH EAST,M,"86,093","18,007","4,935","4,402","5,166","11,735","13,409","11,669","16,770"
E07000085,East Hampshire,E07000085,SOUTH EAST,M,"57,249","10,934","3,675","2,826","2,584","5,328","8,411","8,710","14,781"
E07000086,Eastleigh,E07000086,SOUTH EAST,M,"63,214","12,655","3,648","3,525","3,917","7,924","9,144","8,645","13,756"
E07000087,Fareham,E07000087,SOUTH EAST,M,"56,306","9,871","3,517","3,260","3,082","5,991","8,038","8,204","14,343"
E07000088,Gosport,E07000088,SOUTH EAST,M,"42,164","8,294","2,692","2,715","2,793","5,122","5,711","5,721","9,116"
E07000089,Hart,E07000089,SOUTH EAST,M,"46,590","9,598","2,644","2,267","2,723","5,620","7,476","6,365","9,897"
E07000090,Havant,E07000090,SOUTH EAST,M,"59,545","11,173","3,713","3,634","3,275","5,940","7,815","8,418","15,577"
E07000091,New Forest,E07000091,SOUTH EAST,M,"86,053","14,743","4,716","4,203","3,925","7,847","11,355","12,226","27,038"
E07000092,Rushmoor,E07000092,SOUTH EAST,M,"47,719","9,850","2,784","3,191","3,631","7,234","7,398","5,913","7,718"
E07000093,Test Valley,E07000093,SOUTH EAST,M,"58,828","11,409","3,287","2,877","3,039","6,401","8,861","8,618","14,336"
E07000094,Winchester,E07000094,SOUTH EAST,M,"58,415","11,411","4,396","3,499","2,763","6,219","8,383","7,984","13,760"
E07000105,Ashford,E07000105,SOUTH EAST,M,"60,403","12,935","3,663","3,411","3,426","6,715","9,070","7,903","13,280"
E07000106,Canterbury,E07000106,SOUTH EAST,M,"78,035","13,224","7,542","9,671","4,839","7,265","9,049","8,942","17,503"
E07000107,Dartford,E07000107,SOUTH EAST,M,"51,161","11,048","2,910","2,919","3,807","7,674","7,629","6,325","8,849"
E07000108,Dover,E07000108,SOUTH EAST,M,"55,621","10,147","3,371","2,995","2,946","5,665","7,751","7,889","14,857"
E07000109,Gravesham,E07000109,SOUTH EAST,M,"52,494","11,267","3,263","3,193","3,618","6,634","7,577","6,694","10,248"
E07000110,Maidstone,E07000110,SOUTH EAST,M,"81,300","16,376","4,623","4,960","5,183","10,065","12,019","10,605","17,469"
E07000111,Sevenoaks,E07000111,SOUTH EAST,M,"57,412","11,880","3,068","2,701","2,939","6,594","8,518","7,861","13,851"
E07000112,Shepway,E07000112,SOUTH EAST,M,"54,316","9,666","3,113","3,043","3,090","5,739","7,675","7,324","14,666"
E07000113,Swale,E07000113,SOUTH EAST,M,"70,381","14,555","4,420","4,390","4,106","7,961","9,851","9,529","15,569"
E07000114,Thanet,E07000114,SOUTH EAST,M,"67,517","13,670","4,394","4,068","3,597","6,797","8,595","8,774","17,622"
E07000115,Tonbridge and Malling,E07000115,SOUTH EAST,M,"61,516","13,164","3,914","3,089","3,114","6,878","9,589","8,411","13,357"
E07000116,Tunbridge Wells,E07000116,SOUTH EAST,M,"57,290","11,845","3,243","2,656","3,417","7,324","9,213","7,521","12,071"
E07000177,Cherwell,E07000177,SOUTH EAST,M,"72,104","14,603","3,973","4,019","4,758","9,949","10,634","9,605","14,563"
E07000178,Oxford,E07000178,SOUTH EAST,M,"80,823","13,809","8,084","12,988","7,766","12,198","8,592","7,013","10,373"
E07000179,South Oxfordshire,E07000179,SOUTH EAST,M,"67,597","13,247","3,948","3,461","3,860","7,850","10,238","9,343","15,650"
E07000180,Vale of White Horse,E07000180,SOUTH EAST,M,"63,005","12,428","3,753","3,105","3,737","7,988","9,158","8,416","14,420"
E07000181,West Oxfordshire,E07000181,SOUTH EAST,M,"53,557","10,241","2,827","2,947","3,442","6,525","7,813","7,324","12,438"
E07000207,Elmbridge,E07000207,SOUTH EAST,M,"64,083","15,304","3,391","2,374","2,446","8,180","10,643","8,659","13,086"
E07000208,Epsom and Ewell,E07000208,SOUTH EAST,M,"38,257","7,965","2,257","2,098","2,070","5,048","5,844","5,094","7,881"
E07000209,Guildford,E07000209,SOUTH EAST,M,"73,169","13,331","5,573","7,021","5,461","9,498","10,024","8,732","13,529"
E07000210,Mole Valley,E07000210,SOUTH EAST,M,"42,017","7,986","2,436","1,828","1,817","4,336","6,371","6,310","10,933"
E07000211,Reigate and Banstead,E07000211,SOUTH EAST,M,"70,613","14,657","3,705","3,578","4,212","9,779","10,903","9,431","14,348"
E07000212,Runnymede,E07000212,SOUTH EAST,M,"41,683","7,480","2,802","3,973","2,751","5,250","5,748","5,397","8,282"
E07000213,Spelthorne,E07000213,SOUTH EAST,M,"48,590","9,635","2,643","2,616","2,904","6,732","7,139","6,704","10,217"
E07000214,Surrey Heath,E07000214,SOUTH EAST,M,"43,745","8,679","2,545","2,311","2,296","5,282","7,074","6,182","9,376"
E07000215,Tandridge,E07000215,SOUTH EAST,M,"41,855","8,199","2,379","2,060","2,272","4,812","6,276","6,049","9,808"
E07000216,Waverley,E07000216,SOUTH EAST,M,"60,226","12,733","4,009","2,877","2,427","6,409","9,257","8,079","14,435"
E07000217,Woking,E07000217,SOUTH EAST,M,"49,398","10,850","2,525","2,093","2,858","7,613","7,631","6,331","9,497"
E07000223,Adur,E07000223,SOUTH EAST,M,"30,753","5,930","1,773","1,546","1,566","3,480","4,560","3,984","7,914"
E07000224,Arun,E07000224,SOUTH EAST,M,"74,443","12,710","3,921","3,907","3,714","7,363","9,857","9,697","23,274"
E07000225,Chichester,E07000225,SOUTH EAST,M,"56,237","9,896","3,541","3,250","2,497","5,122","7,372","7,861","16,698"
E07000226,Crawley,E07000226,SOUTH EAST,M,"55,274","12,497","3,102","3,203","4,158","9,237","8,111","6,616","8,350"
E07000227,Horsham,E07000227,SOUTH EAST,M,"66,016","12,882","3,729","3,109","3,091","6,874","9,944","9,709","16,678"
E07000228,Mid Sussex,E07000228,SOUTH EAST,M,"71,148","14,489","4,116","3,285","3,727","8,753","10,936","9,717","16,125"
E07000229,Worthing,E07000229,SOUTH EAST,M,"51,859","9,872","2,757","2,669","2,859","6,352","7,835","6,895","12,620"
E06000022,Bath and North East Somerset,E06000022,SOUTH WEST,M,"91,140","15,820","7,949","9,479","5,837","9,662","11,888","11,026","19,479"
E06000028,Bournemouth,E06000028,SOUTH WEST,M,"97,909","16,033","6,612","8,602","7,621","15,032","13,472","11,106","19,431"
E06000023,Bristol,E06000023,SOUTH WEST,M,"224,763","42,600","15,811","24,367","22,828","35,510","27,402","22,321","33,924"
E06000052,Cornwall,E06000052,SOUTH WEST,M,"266,510","47,531","16,257","15,030","13,394","27,042","35,287","37,103","74,866"
E06000053,Isles of Scilly,E06000053,SOUTH WEST,M,"1,176",181,26,83,78,140,143,171,354
E06000024,North Somerset,E06000024,SOUTH WEST,M,"102,192","19,531","5,596","4,934","5,016","11,426","14,889","13,755","27,045"
E06000026,Plymouth,E06000026,SOUTH WEST,M,"130,585","23,668","9,868","13,124","9,258","16,069","16,495","15,956","26,147"
E06000029,Poole,E06000029,SOUTH WEST,M,"74,009","13,615","4,042","4,161","4,468","9,252","10,494","9,768","18,209"
E06000025,South Gloucestershire,E06000025,SOUTH WEST,M,"136,355","25,985","9,121","8,668","8,680","17,125","20,076","17,876","28,824"
E06000030,Swindon,E06000030,SOUTH WEST,M,"108,199","22,474","6,171","6,007","7,123","15,462","17,179","14,276","19,507"
E06000027,Torbay,E06000027,SOUTH WEST,M,"64,581","11,346","3,654","3,451","3,432","6,014","8,639","9,129","18,916"
E06000054,Wiltshire,E06000054,SOUTH WEST,M,"240,293","46,922","13,737","13,597","14,478","26,740","34,997","33,112","56,710"
E07000040,East Devon,E07000040,SOUTH WEST,M,"66,708","11,220","3,629","3,261","3,044","5,916","8,489","8,953","22,196"
E07000041,Exeter,E07000041,SOUTH WEST,M,"62,771","10,097","5,896","8,270","5,411","8,403","7,563","6,528","10,603"
E07000042,Mid Devon,E07000042,SOUTH WEST,M,"38,919","7,571","2,295","1,937","1,825","3,895","5,443","5,425","10,528"
E07000043,North Devon,E07000043,SOUTH WEST,M,"46,099","8,225","2,592","2,581","2,456","4,641","6,202","6,456","12,946"
E07000044,South Hams,E07000044,SOUTH WEST,M,"40,887","6,890","2,299","2,009","1,715","3,502","5,256","6,292","12,924"
E07000045,Teignbridge,E07000045,SOUTH WEST,M,"62,282","10,818","3,389","3,098","3,183","6,040","8,447","9,022","18,285"
E07000046,Torridge,E07000046,SOUTH WEST,M,"32,385","5,645","1,744","1,604","1,475","2,904","4,254","4,704","10,055"
E07000047,West Devon,E07000047,SOUTH WEST,M,"26,502","4,468","1,387","1,159","1,251","2,301","3,612","4,118","8,206"
E07000048,Christchurch,E07000048,SOUTH WEST,M,"23,596","4,084","1,241","1,169",974,"2,148","3,037","2,988","7,955"
E07000049,East Dorset,E07000049,SOUTH WEST,M,"42,707","6,893","2,227","1,960","1,806","3,443","5,510","6,095","14,773"
E07000050,North Dorset,E07000050,SOUTH WEST,M,"35,197","6,184","2,269","2,024","1,871","3,641","4,668","4,858","9,682"
E07000051,Purbeck,E07000051,SOUTH WEST,M,"22,893","3,898","1,309","1,254","1,084","2,219","2,863","3,366","6,900"
E07000052,West Dorset,E07000052,SOUTH WEST,M,"48,522","8,054","2,653","2,103","2,174","3,908","6,206","7,117","16,307"
E07000053,Weymouth and Portland,E07000053,SOUTH WEST,M,"32,212","5,490","1,870","1,966","1,692","3,147","4,479","4,623","8,945"
E07000078,Cheltenham,E07000078,SOUTH WEST,M,"57,115","10,268","3,500","4,216","4,252","8,065","7,975","7,123","11,716"
E07000079,Cotswold,E07000079,SOUTH WEST,M,"41,192","6,984","2,391","2,164","1,669","3,821","6,178","6,116","11,869"
E07000080,Forest of Dean,E07000080,SOUTH WEST,M,"41,525","7,028","2,847","2,304","1,980","3,729","6,011","6,071","11,555"
E07000081,Gloucester,E07000081,SOUTH WEST,M,"62,725","12,856","4,105","4,161","4,328","8,497","9,125","8,060","11,593"
E07000082,Stroud,E07000082,SOUTH WEST,M,"57,356","10,786","3,269","2,830","2,637","6,071","8,838","8,419","14,506"
E07000083,Tewkesbury,E07000083,SOUTH WEST,M,"42,558","8,154","2,233","2,055","2,235","4,902","6,375","5,910","10,694"
E07000187,Mendip,E07000187,SOUTH WEST,M,"54,413","10,345","3,602","2,753","2,628","5,318","7,750","7,922","14,095"
E07000188,Sedgemoor,E07000188,SOUTH WEST,M,"59,034","11,049","3,546","3,172","3,156","5,842","8,203","8,444","15,622"
E07000189,South Somerset,E07000189,SOUTH WEST,M,"81,002","14,647","4,522","4,314","4,578","8,173","10,869","11,147","22,752"
E07000190,Taunton Deane,E07000190,SOUTH WEST,M,"55,274","10,428","3,228","3,163","3,327","6,012","7,511","7,493","14,112"
E07000191,West Somerset,E07000191,SOUTH WEST,M,"16,510","2,378",875,803,719,"1,202","1,867","2,442","6,224"
W06000001,Isle of Anglesey,W06000001,WALES,M,"34,452","6,144","1,824","1,934","1,880","3,583","4,481","4,801","9,805"
W06000002,Gwynedd,W06000002,WALES,M,"60,855","10,702","4,357","5,287","3,518","6,136","7,486","7,845","15,524"
W06000003,Conwy,W06000003,WALES,M,"56,537","9,730","3,190","2,919","2,990","5,453","7,357","7,918","16,980"
W06000004,Denbighshire,W06000004,WALES,M,"46,680","8,883","2,761","2,763","2,553","4,390","6,127","6,459","12,744"
W06000005,Flintshire,W06000005,WALES,M,"75,926","14,398","4,509","4,600","4,719","8,508","10,918","10,140","18,134"
W06000006,Wrexham,W06000006,WALES,M,"68,113","13,557","4,012","4,217","4,484","8,452","9,514","8,743","15,134"
W06000008,Ceredigion,W06000008,WALES,M,"37,475","5,571","3,578","4,732","1,522","3,172","4,047","4,791","10,062"
W06000009,Pembrokeshire,W06000009,WALES,M,"60,606","10,985","3,639","3,506","3,344","5,744","7,648","8,389","17,351"
W06000010,Carmarthenshire,W06000010,WALES,M,"90,621","16,839","5,399","5,223","5,154","9,075","11,795","12,581","24,555"
W06000011,Swansea,W06000011,WALES,M,"120,865","21,724","9,349","11,287","8,205","14,473","15,416","14,502","25,909"
W06000012,Neath Port Talbot,W06000012,WALES,M,"69,219","12,606","4,086","4,223","4,264","8,601","9,361","9,655","16,423"
W06000013,Bridgend,W06000013,WALES,M,"70,316","13,213","4,301","4,248","4,465","8,757","10,109","9,349","15,874"
W06000014,The Vale of Glamorgan,W06000014,WALES,M,"61,997","12,074","3,761","3,648","3,608","7,400","8,406","8,520","14,580"
W06000015,Cardiff,W06000015,WALES,M,"175,550","33,580","13,927","19,613","15,082","24,524","21,439","19,368","28,017"
W06000016,Rhondda Cynon Taf,W06000016,WALES,M,"116,445","22,425","7,675","8,470","7,759","13,674","15,984","14,927","25,531"
W06000018,Caerphilly,W06000018,WALES,M,"88,214","17,564","5,434","5,485","5,601","10,582","12,495","11,602","19,451"
W06000019,Blaenau Gwent,W06000019,WALES,M,"34,202","6,202","2,014","2,307","2,287","3,902","4,928","4,640","7,922"
W06000020,Torfaen,W06000020,WALES,M,"44,787","8,657","2,812","2,955","2,806","4,951","6,135","6,103","10,368"
W06000021,Monmouthshire,W06000021,WALES,M,"45,497","7,916","2,768","2,431","2,162","4,140","6,616","6,826","12,638"
W06000022,Newport,W06000022,WALES,M,"72,469","15,171","4,683","5,020","4,832","9,002","9,924","9,250","14,587"
W06000023,Powys,W06000023,WALES,M,"65,665","11,092","3,838","3,458","3,343","5,756","8,648","9,585","19,945"
W06000024,Merthyr Tydfil,W06000024,WALES,M,"29,070","5,735","1,747","1,969","2,027","3,480","3,874","3,912","6,326"
E06000047,County Durham,E06000047,NORTH EAST,F,"264,396","43,224","16,043","17,911","15,340","29,200","36,639","37,099","68,940"
E06000005,Darlington,E06000005,NORTH EAST,F,"54,160","9,796","2,918","2,993","3,214","6,544","7,705","7,319","13,671"
E06000001,Hartlepool,E06000001,NORTH EAST,F,"47,389","8,565","2,730","2,941","3,048","5,369","6,527","6,561","11,648"
E06000002,Middlesbrough,E06000002,NORTH EAST,F,"70,847","14,109","4,715","5,616","4,870","8,271","8,948","9,239","15,079"
E06000057,Northumberland,E06000057,NORTH EAST,F,"161,349","25,173","7,791","7,597","8,159","16,770","22,400","25,071","48,388"
E06000003,Redcar and Cleveland,E06000003,NORTH EAST,F,"69,542","11,673","3,667","4,024","4,118","7,367","9,607","9,701","19,385"
E06000004,Stockton-on-Tees,E06000004,NORTH EAST,F,"99,307","18,590","5,496","6,044","6,502","12,394","13,757","13,591","22,933"
E08000037,Gateshead,E08000037,NORTH EAST,F,"102,190","17,172","5,929","5,986","7,128","12,823","14,068","13,625","25,459"
E08000021,Newcastle upon Tyne,E08000021,NORTH EAST,F,"144,786","24,534","13,172","17,619","10,971","17,460","16,447","16,370","28,213"
E08000022,North Tyneside,E08000022,NORTH EAST,F,"104,598","17,327","5,036","5,332","6,597","13,445","15,072","14,706","27,083"
E08000023,South Tyneside,E08000023,NORTH EAST,F,"76,686","12,635","4,143","4,480","4,831","8,782","10,691","11,062","20,062"
E08000024,Sunderland,E08000024,NORTH EAST,F,"142,194","23,274","8,230","10,082","9,120","16,198","19,791","19,817","35,682"
E06000008,Blackburn with Darwen,E06000008,NORTH WEST,F,"73,666","16,788","4,603","4,409","5,198","9,630","10,161","8,769","14,108"
E06000009,Blackpool,E06000009,NORTH WEST,F,"70,783","12,481","3,968","4,312","4,217","7,599","9,962","9,529","18,715"
E06000049,Cheshire East,E06000049,NORTH WEST,F,"191,465","32,181","9,558","9,180","9,510","21,193","29,071","26,811","53,961"
E06000050,Cheshire West and Chester,E06000050,NORTH WEST,F,"171,127","28,537","9,768","9,922","9,479","19,426","24,745","23,693","45,557"
E06000006,Halton,E06000006,NORTH WEST,F,"64,756","12,347","3,518","3,902","4,194","7,980","9,013","9,016","14,786"
E06000007,Warrington,E06000007,NORTH WEST,F,"104,598","19,142","5,558","5,748","6,520","13,253","15,830","13,875","24,672"
E07000026,Allerdale,E07000026,NORTH WEST,F,"49,069","7,822","2,426","2,362","2,387","4,997","7,203","7,171","14,701"
E07000027,Barrow-in-Furness,E07000027,NORTH WEST,F,"34,114","5,809","1,813","1,914","2,049","3,574","5,048","4,667","9,240"
E07000028,Carlisle,E07000028,NORTH WEST,F,"55,328","9,234","3,080","3,548","3,060","6,250","7,656","7,723","14,777"
E07000029,Copeland,E07000029,NORTH WEST,F,"34,601","5,577","1,757","1,743","1,961","3,769","5,005","5,223","9,566"
E07000030,Eden,E07000030,NORTH WEST,F,"26,560","3,863","1,236","1,189","1,129","2,477","3,978","4,094","8,594"
E07000031,South Lakeland,E07000031,NORTH WEST,F,"52,858","7,430","2,404","2,026","2,159","5,008","7,501","8,120","18,210"
E08000001,Bolton,E08000001,NORTH WEST,F,"142,047","28,484","8,211","8,630","9,672","17,657","20,158","17,695","31,540"
E08000002,Bury,E08000002,NORTH WEST,F,"95,915","18,417","4,932","5,353","6,252","12,043","14,015","12,426","22,477"
E08000003,Manchester,E08000003,NORTH WEST,F,"261,903","51,954","21,348","34,138","27,238","39,465","29,652","23,386","34,722"
E08000004,Oldham,E08000004,NORTH WEST,F,"117,162","25,460","7,005","7,111","8,180","14,655","15,721","14,117","24,913"
E08000005,Rochdale,E08000005,NORTH WEST,F,"108,841","21,934","6,444","6,826","7,425","13,940","14,983","13,892","23,397"
E08000006,Salford,E08000006,NORTH WEST,F,"121,942","23,744","7,257","9,945","10,536","17,348","15,654","13,609","23,849"
E08000007,Stockport,E08000007,NORTH WEST,F,"147,361","26,804","7,381","7,678","8,690","18,411","21,469","19,554","37,374"
E08000008,Tameside,E08000008,NORTH WEST,F,"112,815","21,601","5,993","6,925","7,774","13,985","16,328","14,572","25,637"
E08000009,Trafford,E08000009,NORTH WEST,F,"119,066","23,680","5,950","5,685","6,840","16,601","18,214","15,353","26,743"
E08000010,Wigan,E08000010,NORTH WEST,F,"162,010","29,214","8,603","9,531","10,537","19,687","24,351","21,263","38,824"
E07000117,Burnley,E07000117,NORTH WEST,F,"44,262","8,505","2,402","2,767","2,993","5,494","5,825","5,665","10,611"
E07000118,Chorley,E07000118,NORTH WEST,F,"56,401","10,020","2,875","2,901","3,592","6,806","8,527","7,548","14,132"
E07000119,Fylde,E07000119,NORTH WEST,F,"39,551","5,994","1,633","1,617","1,701","3,771","5,546","5,872","13,417"
E07000120,Hyndburn,E07000120,NORTH WEST,F,"40,557","7,960","2,409","2,408","2,739","4,904","5,602","5,026","9,509"
E07000121,Lancaster,E07000121,NORTH WEST,F,"72,265","11,386","5,959","6,623","4,033","7,749","9,160","9,119","18,236"
E07000122,Pendle,E07000122,NORTH WEST,F,"45,645","9,266","2,314","2,607","3,147","5,811","5,948","5,862","10,690"
E07000123,Preston,E07000123,NORTH WEST,F,"69,978","13,483","5,334","6,764","4,881","8,524","9,092","8,191","13,709"
E07000124,Ribble Valley,E07000124,NORTH WEST,F,"29,775","4,973","1,538","1,310","1,304","2,875","4,586","4,491","8,698"
E07000125,Rossendale,E07000125,NORTH WEST,F,"35,324","6,662","1,869","1,904","2,204","4,330","5,261","4,828","8,266"
E07000126,South Ribble,E07000126,NORTH WEST,F,"55,980","9,729","2,832","2,917","3,358","6,472","8,297","7,614","14,761"
E07000127,West Lancashire,E07000127,NORTH WEST,F,"58,003","9,404","4,334","3,987","2,761","5,584","8,150","7,937","15,846"
E07000128,Wyre,E07000128,NORTH WEST,F,"56,176","8,278","2,657","2,761","2,701","5,193","7,675","8,019","18,892"
E08000011,Knowsley,E08000011,NORTH WEST,F,"77,246","14,036","4,580","5,096","5,335","9,020","10,651","11,160","17,368"
E08000012,Liverpool,E08000012,NORTH WEST,F,"241,562","39,633","18,918","25,701","19,360","30,534","29,741","29,684","47,991"
E08000014,Sefton,E08000014,NORTH WEST,F,"142,203","22,859","7,314","7,503","7,651","14,517","19,286","21,017","42,056"
E08000013,St. Helens,E08000013,NORTH WEST,F,"90,402","15,683","4,845","5,198","5,824","10,420","12,904","11,904","23,624"
E08000015,Wirral,E08000015,NORTH WEST,F,"166,122","29,189","8,410","8,735","9,502","18,617","23,098","23,180","45,391"
E06000011,East Riding of Yorkshire,E06000011,YORKSHIRE AND THE HUMBER,F,"171,640","26,798","8,915","7,203","7,731","17,145","24,646","25,008","54,194"
E06000010,Kingston upon Hull,E06000010,YORKSHIRE AND THE HUMBER,F,"128,836","24,252","7,941","11,689","10,538","16,249","16,484","15,784","25,899"
E06000012,North East Lincolnshire,E06000012,YORKSHIRE AND THE HUMBER,F,"81,307","15,036","4,302","4,967","5,341","9,011","11,147","10,795","20,708"
E06000013,North Lincolnshire,E06000013,YORKSHIRE AND THE HUMBER,F,"85,823","15,382","4,336","4,625","5,225","9,723","12,048","11,882","22,602"
E06000014,York,E06000014,YORKSHIRE AND THE HUMBER,F,"105,596","15,906","9,034","10,496","7,052","12,304","13,413","12,412","24,979"
E07000163,Craven,E07000163,YORKSHIRE AND THE HUMBER,F,"28,836","4,300","1,387","1,139","1,181","2,600","4,209","4,386","9,634"
E07000164,Hambleton,E07000164,YORKSHIRE AND THE HUMBER,F,"45,748","7,151","2,170","1,967","2,132","4,174","6,765","6,885","14,504"
E07000165,Harrogate,E07000165,YORKSHIRE AND THE HUMBER,F,"80,407","13,823","3,913","3,145","3,669","8,521","12,277","11,629","23,430"
E07000166,Richmondshire,E07000166,YORKSHIRE AND THE HUMBER,F,"24,498","4,273","1,216","1,082","1,414","2,603","3,574","3,513","6,823"
E07000167,Ryedale,E07000167,YORKSHIRE AND THE HUMBER,F,"27,073","4,058","1,353","1,157","1,152","2,381","3,880","4,158","8,934"
E07000168,Scarborough,E07000168,YORKSHIRE AND THE HUMBER,F,"55,594","8,341","2,665","2,867","2,755","5,038","7,139","8,192","18,597"
E07000169,Selby,E07000169,YORKSHIRE AND THE HUMBER,F,"43,800","7,701","2,138","2,173","2,444","5,046","6,772","6,359","11,167"
E08000016,Barnsley,E08000016,YORKSHIRE AND THE HUMBER,F,"121,192","21,569","6,550","7,269","7,723","14,321","17,488","16,447","29,825"
E08000017,Doncaster,E08000017,YORKSHIRE AND THE HUMBER,F,"153,837","28,495","8,236","9,055","10,240","17,903","21,222","20,723","37,963"
E08000018,Rotherham,E08000018,YORKSHIRE AND THE HUMBER,F,"132,430","24,496","7,192","7,789","8,215","15,523","18,668","17,516","33,031"
E08000019,Sheffield,E08000019,YORKSHIRE AND THE HUMBER,F,"286,617","50,180","22,307","28,871","20,398","34,477","37,312","31,790","61,282"
E08000032,Bradford,E08000032,YORKSHIRE AND THE HUMBER,F,"269,340","61,957","16,869","16,605","18,947","35,890","34,944","31,654","52,474"
E08000033,Calderdale,E08000033,YORKSHIRE AND THE HUMBER,F,"106,175","20,046","5,658","5,811","6,500","12,814","15,617","14,456","25,273"
E08000034,Kirklees,E08000034,YORKSHIRE AND THE HUMBER,F,"219,354","43,437","13,424","14,040","14,073","27,653","30,455","26,877","49,395"
E08000035,Leeds,E08000035,YORKSHIRE AND THE HUMBER,F,"394,301","71,251","29,904","36,961","28,611","52,137","50,200","44,119","81,118"
E08000036,Wakefield,E08000036,YORKSHIRE AND THE HUMBER,F,"169,761","30,265","8,924","10,071","11,285","20,487","24,516","22,634","41,579"
E06000015,Derby,E06000015,EAST MIDLANDS,F,"128,225","25,659","8,014","9,339","9,436","16,525","17,226","14,593","27,433"
E06000016,Leicester,E06000016,EAST MIDLANDS,F,"172,291","36,119","13,408","18,406","14,342","23,294","20,283","18,268","28,171"
E06000018,Nottingham,E06000018,EAST MIDLANDS,F,"157,808","28,790","17,337","21,123","12,115","19,434","18,164","15,493","25,352"
E06000017,Rutland,E06000017,EAST MIDLANDS,F,"18,658","3,130","1,106",829,726,"1,794","2,652","2,532","5,889"
E07000032,Amber Valley,E07000032,EAST MIDLANDS,F,"63,133","10,175","3,312","3,373","3,506","7,073","9,569","8,731","17,394"
E07000033,Bolsover,E07000033,EAST MIDLANDS,F,"39,422","6,858","2,158","2,254","2,430","4,390","6,014","5,259","10,059"
E07000034,Chesterfield,E07000034,EAST MIDLANDS,F,"53,145","8,707","2,838","3,203","3,170","6,113","7,766","7,195","14,153"
E07000035,Derbyshire Dales,E07000035,EAST MIDLANDS,F,"36,175","5,478","1,769","1,416","1,365","3,097","5,362","5,621","12,067"
E07000036,Erewash,E07000036,EAST MIDLANDS,F,"58,447","9,872","3,134","3,327","3,732","6,966","8,861","7,662","14,893"
E07000037,High Peak,E07000037,EAST MIDLANDS,F,"46,445","7,752","2,591","2,636","2,387","5,043","7,073","6,798","12,165"
E07000038,North East Derbyshire,E07000038,EAST MIDLANDS,F,"50,937","7,993","2,557","2,549","2,565","5,174","7,461","7,296","15,342"
E07000039,South Derbyshire,E07000039,EAST MIDLANDS,F,"50,161","9,183","2,603","2,757","2,931","6,499","7,836","6,724","11,628"
E07000129,Blaby,E07000129,EAST MIDLANDS,F,"49,165","8,729","2,482","2,487","2,946","5,945","7,234","6,560","12,782"
E07000130,Charnwood,E07000130,EAST MIDLANDS,F,"87,730","14,407","6,608","7,340","5,427","10,456","11,853","10,761","20,878"
E07000131,Harborough,E07000131,EAST MIDLANDS,F,"44,982","7,944","2,285","2,008","2,032","4,816","7,314","6,466","12,117"
E07000132,Hinckley and Bosworth,E07000132,EAST MIDLANDS,F,"55,215","9,248","2,601","2,807","3,186","6,485","8,174","7,585","15,129"
E07000133,Melton,E07000133,EAST MIDLANDS,F,"25,970","4,470","1,345","1,281","1,221","2,839","4,012","3,748","7,054"
E07000134,North West Leicestershire,E07000134,EAST MIDLANDS,F,"49,042","8,630","2,558","2,772","2,650","5,846","7,541","6,640","12,405"
E07000135,Oadby and Wigston,E07000135,EAST MIDLANDS,F,"28,859","4,769","2,330","1,382","1,546","3,182","3,915","3,800","7,935"
E07000136,Boston,E07000136,EAST MIDLANDS,F,"33,970","6,089","1,593","1,890","2,315","4,135","4,429","4,408","9,111"
E07000137,East Lindsey,E07000137,EAST MIDLANDS,F,"70,474","10,257","3,232","2,959","3,188","5,918","9,157","10,564","25,199"
E07000138,Lincoln,E07000138,EAST MIDLANDS,F,"49,230","7,783","5,194","5,518","3,608","5,958","5,747","5,535","9,887"
E07000139,North Kesteven,E07000139,EAST MIDLANDS,F,"57,150","9,673","2,731","2,635","2,982","6,193","8,581","7,828","16,527"
E07000140,South Holland,E07000140,EAST MIDLANDS,F,"46,505","7,512","2,311","2,283","2,598","5,074","6,416","6,268","14,043"
E07000141,South Kesteven,E07000141,EAST MIDLANDS,F,"71,781","12,512","3,587","3,237","3,767","7,933","10,596","10,253","19,896"
E07000142,West Lindsey,E07000142,EAST MIDLANDS,F,"47,425","7,695","2,604","2,161","2,282","4,766","6,901","7,103","13,913"
E07000150,Corby,E07000150,EAST MIDLANDS,F,"34,075","7,216","1,841","2,017","2,639","4,759","4,695","4,372","6,536"
E07000151,Daventry,E07000151,EAST MIDLANDS,F,"40,061","7,106","1,994","1,906","1,875","4,313","6,577","5,864","10,426"
E07000152,East Northamptonshire,E07000152,EAST MIDLANDS,F,"45,378","8,303","2,417","2,118","2,304","5,349","7,086","6,040","11,761"
E07000153,Kettering,E07000153,EAST MIDLANDS,F,"49,637","9,817","2,519","2,481","3,104","6,290","7,515","6,147","11,764"
E07000154,Northampton,E07000154,EAST MIDLANDS,F,"112,459","22,963","6,890","7,523","8,396","16,238","15,234","13,106","22,109"
E07000155,South Northamptonshire,E07000155,EAST MIDLANDS,F,"45,254","8,321","2,149","1,885","2,032","5,366","7,387","6,649","11,465"
E07000156,Wellingborough,E07000156,EAST MIDLANDS,F,"39,442","7,754","2,078","1,832","2,397","4,912","5,747","5,087","9,635"
E07000170,Ashfield,E07000170,EAST MIDLANDS,F,"62,959","11,457","3,370","3,758","4,121","7,448","9,344","8,214","15,247"
E07000171,Bassetlaw,E07000171,EAST MIDLANDS,F,"57,712","9,803","3,225","2,931","3,039","6,163","8,564","8,218","15,769"
E07000172,Broxtowe,E07000172,EAST MIDLANDS,F,"56,653","9,204","3,118","3,254","3,696","6,792","8,046","7,560","14,983"
E07000173,Gedling,E07000173,EAST MIDLANDS,F,"59,473","9,981","3,022","3,201","3,410","7,174","8,752","8,209","15,724"
E07000174,Mansfield,E07000174,EAST MIDLANDS,F,"54,150","9,496","2,894","3,252","3,606","6,621","7,512","7,516","13,253"
E07000175,Newark and Sherwood,E07000175,EAST MIDLANDS,F,"60,155","10,429","3,137","3,211","3,172","6,471","8,746","8,477","16,512"
E07000176,Rushcliffe,E07000176,EAST MIDLANDS,F,"58,088","10,123","3,116","3,086","2,828","6,965","8,684","7,829","15,457"
E06000019,Herefordshire,E06000019,WEST MIDLANDS,F,"95,019","15,362","4,746","4,635","4,998","9,940","13,042","13,554","28,742"
E06000051,Shropshire,E06000051,WEST MIDLANDS,F,"156,954","25,448","8,258","7,457","7,654","15,926","22,076","22,252","47,883"
E06000021,Stoke-on-Trent,E06000021,WEST MIDLANDS,F,"126,252","24,879","7,416","9,236","9,095","15,465","16,658","15,204","28,299"
E06000020,Telford and Wrekin,E06000020,WEST MIDLANDS,F,"86,262","17,346","5,362","5,137","5,533","10,597","12,340","10,949","18,998"
E07000192,Cannock Chase,E07000192,WEST MIDLANDS,F,"49,794","8,644","2,722","3,010","3,225","5,951","7,646","6,611","11,985"
E07000193,East Staffordshire,E07000193,WEST MIDLANDS,F,"58,076","10,949","3,083","3,299","3,414","6,909","8,382","7,747","14,293"
E07000194,Lichfield,E07000194,WEST MIDLANDS,F,"51,811","8,441","2,503","2,420","2,571","5,828","7,682","7,042","15,324"
E07000195,Newcastle-under-Lyme,E07000195,WEST MIDLANDS,F,"63,939","10,129","4,305","4,725","3,785","7,240","8,666","8,373","16,716"
E07000196,South Staffordshire,E07000196,WEST MIDLANDS,F,"55,568","8,433","2,877","2,809","2,642","5,446","8,176","8,281","16,904"
E07000197,Stafford,E07000197,WEST MIDLANDS,F,"65,941","10,750","3,274","3,490","3,539","7,298","9,756","9,235","18,599"
E07000198,Staffordshire Moorlands,E07000198,WEST MIDLANDS,F,"49,552","7,741","2,490","2,328","2,234","4,997","7,496","7,101","15,165"
E07000199,Tamworth,E07000199,WEST MIDLANDS,F,"39,272","7,257","2,177","2,301","2,700","4,909","5,701","5,141","9,086"
E07000218,North Warwickshire,E07000218,WEST MIDLANDS,F,"31,810","5,286","1,612","1,671","1,659","3,492","4,863","4,536","8,691"
E07000219,Nuneaton and Bedworth,E07000219,WEST MIDLANDS,F,"64,454","11,997","3,493","3,704","4,241","7,837","9,136","8,184","15,862"
E07000220,Rugby,E07000220,WEST MIDLANDS,F,"51,982","9,942","2,751","2,415","3,277","6,717","7,589","6,547","12,744"
E07000221,Stratford-on-Avon,E07000221,WEST MIDLANDS,F,"62,406","9,768","3,011","2,505","2,636","6,215","9,361","9,110","19,800"
E07000222,Warwick,E07000222,WEST MIDLANDS,F,"69,820","11,757","4,233","5,772","3,935","8,748","9,900","8,532","16,943"
E08000025,Birmingham,E08000025,WEST MIDLANDS,F,"562,509","123,233","42,995","49,911","43,625","75,872","69,733","58,252","98,888"
E08000026,Coventry,E08000026,WEST MIDLANDS,F,"171,460","33,033","13,107","17,353","14,304","22,197","20,977","17,670","32,819"
E08000027,Dudley,E08000027,WEST MIDLANDS,F,"161,013","29,628","8,841","9,244","10,019","18,841","22,867","20,049","41,524"
E08000028,Sandwell,E08000028,WEST MIDLANDS,F,"161,656","34,460","9,348","10,312","12,066","22,289","22,204","18,190","32,787"
E08000029,Solihull,E08000029,WEST MIDLANDS,F,"108,130","19,411","5,803","5,665","5,661","12,299","15,654","14,416","29,221"
E08000030,Walsall,E08000030,WEST MIDLANDS,F,"140,370","28,271","8,186","9,167","9,627","16,746","18,714","16,870","32,789"
E08000031,Wolverhampton,E08000031,WEST MIDLANDS,F,"128,643","25,384","7,450","8,947","9,235","16,289","17,523","15,239","28,576"
E07000234,Bromsgrove,E07000234,WEST MIDLANDS,F,"48,469","8,080","2,371","2,400","2,282","5,266","7,409","6,744","13,917"
E07000235,Malvern Hills,E07000235,WEST MIDLANDS,F,"38,850","5,912","1,948","1,637","1,511","3,535","5,357","5,707","13,243"
E07000236,Redditch,E07000236,WEST MIDLANDS,F,"42,604","8,060","2,202","2,435","2,872","5,842","5,970","5,525","9,698"
E07000237,Worcester,E07000237,WEST MIDLANDS,F,"51,253","9,142","3,403","4,380","3,465","6,678","7,099","5,918","11,168"
E07000238,Wychavon,E07000238,WEST MIDLANDS,F,"61,937","10,016","3,050","2,651","2,956","6,317","9,148","8,972","18,827"
E07000239,Wyre Forest,E07000239,WEST MIDLANDS,F,"50,436","8,212","2,387","2,549","2,758","5,398","7,270","6,541","15,321"
E06000055,Bedford,E06000055,EAST OF ENGLAND,F,"84,182","16,310","4,664","4,776","5,227","11,503","11,917","10,778","19,007"
E06000056,Central Bedfordshire,E06000056,EAST OF ENGLAND,F,"138,267","26,180","6,669","7,276","8,744","18,710","20,840","18,639","31,209"
E06000032,Luton,E06000032,EAST OF ENGLAND,F,"106,315","24,492","6,678","7,753","9,254","16,157","13,343","11,263","17,375"
E06000031,Peterborough,E06000031,EAST OF ENGLAND,F,"96,958","20,945","5,261","5,940","7,625","13,975","13,050","11,147","19,015"
E06000033,Southend-on-Sea,E06000033,EAST OF ENGLAND,F,"91,197","16,764","4,803","5,000","5,660","11,927","13,171","11,040","22,832"
E06000034,Thurrock,E06000034,EAST OF ENGLAND,F,"83,835","18,166","4,684","4,908","6,233","12,736","12,180","9,287","15,641"
E07000008,Cambridge,E07000008,EAST OF ENGLAND,F,"62,969","9,943","6,198","8,588","5,294","9,048","7,219","5,924","10,755"
E07000009,East Cambridgeshire,E07000009,EAST OF ENGLAND,F,"44,277","8,332","2,144","1,889","2,460","6,055","6,666","5,702","11,029"
E07000010,Fenland,E07000010,EAST OF ENGLAND,F,"50,156","8,509","2,665","2,716","2,980","5,449","6,846","6,738","14,253"
E07000011,Huntingdonshire,E07000011,EAST OF ENGLAND,F,"87,653","15,745","4,432","4,430","5,296","11,027","13,197","11,851","21,675"
E07000012,South Cambridgeshire,E07000012,EAST OF ENGLAND,F,"78,189","14,912","3,892","3,254","4,110","10,540","12,127","10,337","19,017"
E07000066,Basildon,E07000066,EAST OF ENGLAND,F,"93,419","17,965","5,119","5,419","6,301","12,366","13,209","11,820","21,220"
E07000067,Braintree,E07000067,EAST OF ENGLAND,F,"76,618","13,990","3,882","3,894","4,526","9,305","11,441","10,268","19,312"
E07000068,Brentwood,E07000068,EAST OF ENGLAND,F,"39,162","6,820","1,970","2,058","2,153","4,814","5,792","5,312","10,243"
E07000069,Castle Point,E07000069,EAST OF ENGLAND,F,"45,781","7,300","2,410","2,405","2,262","4,567","6,255","6,072","14,510"
E07000070,Chelmsford,E07000070,EAST OF ENGLAND,F,"87,493","15,634","4,436","5,008","5,348","11,336","12,829","11,431","21,471"
E07000071,Colchester,E07000071,EAST OF ENGLAND,F,"92,732","16,686","5,718","7,177","6,334","11,979","12,760","10,895","21,183"
E07000072,Epping Forest,E07000072,EAST OF ENGLAND,F,"66,944","11,757","3,200","3,717","3,935","8,533","10,020","8,921","16,861"
E07000073,Harlow,E07000073,EAST OF ENGLAND,F,"43,851","8,897","2,274","2,599","3,212","6,250","5,946","5,462","9,211"
E07000074,Maldon,E07000074,EAST OF ENGLAND,F,"31,822","5,025","1,541","1,445","1,403","3,144","4,924","4,689","9,651"
E07000075,Rochford,E07000075,EAST OF ENGLAND,F,"43,497","7,170","2,328","2,161","2,004","4,651","6,528","5,961","12,694"
E07000076,Tendring,E07000076,EAST OF ENGLAND,F,"73,347","11,219","3,557","3,333","3,133","6,300","9,090","9,915","26,800"
E07000077,Uttlesford,E07000077,EAST OF ENGLAND,F,"43,139","8,206","2,260","1,897","2,098","5,014","6,917","6,141","10,606"
E07000095,Broxbourne,E07000095,EAST OF ENGLAND,F,"49,703","9,369","2,634","2,805","3,211","6,596","7,377","6,341","11,370"
E07000096,Dacorum,E07000096,EAST OF ENGLAND,F,"76,820","14,635","3,911","4,040","4,900","10,620","11,244","10,269","17,201"
E07000242,East Hertfordshire,E07000242,EAST OF ENGLAND,F,"73,738","13,958","3,792","3,678","4,148","9,695","11,936","9,958","16,573"
E07000098,Hertsmere,E07000098,EAST OF ENGLAND,F,"53,485","10,396","2,677","2,932","3,280","7,124","7,840","6,825","12,411"
E07000099,North Hertfordshire,E07000099,EAST OF ENGLAND,F,"67,075","12,567","3,218","3,294","3,858","9,353","10,220","8,481","16,084"
E07000240,St Albans,E07000240,EAST OF ENGLAND,F,"74,439","15,688","3,547","3,353","4,194","10,965","11,504","9,061","16,127"
E07000243,Stevenage,E07000243,EAST OF ENGLAND,F,"43,911","8,501","2,284","2,744","3,334","6,169","6,342","5,653","8,884"
E07000102,Three Rivers,E07000102,EAST OF ENGLAND,F,"47,068","9,039","2,354","2,369","2,495","6,448","7,052","6,182","11,129"
E07000103,Watford,E07000103,EAST OF ENGLAND,F,"48,726","10,258","2,323","2,993","4,215","8,477","6,792","5,205","8,463"
E07000241,Welwyn Hatfield,E07000241,EAST OF ENGLAND,F,"60,154","10,835","4,568","5,627","4,288","7,849","7,654","6,935","12,398"
E07000143,Breckland,E07000143,EAST OF ENGLAND,F,"68,154","11,325","3,497","3,341","3,777","7,184","9,236","8,952","20,842"
E07000144,Broadland,E07000144,EAST OF ENGLAND,F,"64,781","9,962","3,297","2,617","2,978","6,764","9,555","9,091","20,517"
E07000145,Great Yarmouth,E07000145,EAST OF ENGLAND,F,"49,999","8,489","2,842","2,667","2,860","5,101","6,591","6,587","14,862"
E07000146,King's Lynn and West Norfolk,E07000146,EAST OF ENGLAND,F,"77,103","12,687","3,769","3,546","4,319","7,820","10,054","10,391","24,517"
E07000147,North Norfolk,E07000147,EAST OF ENGLAND,F,"53,083","7,039","2,482","2,032","2,207","4,227","6,376","7,714","21,006"
E07000148,Norwich,E07000148,EAST OF ENGLAND,F,"70,010","11,461","5,593","8,454","6,327","9,453","7,944","6,868","13,910"
E07000149,South Norfolk,E07000149,EAST OF ENGLAND,F,"67,181","11,499","3,285","2,878","3,362","7,429","9,679","9,234","19,815"
E07000200,Babergh,E07000200,EAST OF ENGLAND,F,"45,765","7,638","2,208","1,925","1,945","4,407","6,600","6,480","14,562"
E07000201,Forest Heath,E07000201,EAST OF ENGLAND,F,"31,517","6,269","1,636","1,853","2,521","4,537","3,789","3,657","7,255"
E07000202,Ipswich,E07000202,EAST OF ENGLAND,F,"67,953","13,050","3,802","4,670","5,263","9,357","8,952","8,139","14,720"
E07000203,Mid Suffolk,E07000203,EAST OF ENGLAND,F,"50,394","8,489","2,517","2,254","2,434","5,188","7,328","7,226","14,958"
E07000204,St Edmundsbury,E07000204,EAST OF ENGLAND,F,"56,137","9,848","2,803","2,803","3,314","6,233","8,032","7,209","15,895"
E07000205,Suffolk Coastal,E07000205,EAST OF ENGLAND,F,"64,139","10,382","3,223","2,419","2,483","5,701","8,998","9,353","21,580"
E07000206,Waveney,E07000206,EAST OF ENGLAND,F,"59,947","9,886","2,900","2,922","3,128","5,814","7,740","7,860","19,697"
E09000007,Camden,E09000007,LONDON,F,"120,570","20,490","7,079","12,096","13,597","20,893","15,818","11,196","19,401"
E09000001,City of London,E09000001,LONDON,F,"3,901",474,147,329,445,672,520,460,854
E09000012,Hackney,E09000012,LONDON,F,"135,230","27,356","6,556","10,797","19,790","28,210","16,992","11,829","13,700"
E09000013,Hammersmith and Fulham,E09000013,LONDON,F,"91,345","15,536","3,839","7,932","11,448","16,985","12,943","9,304","13,358"
E09000014,Haringey,E09000014,LONDON,F,"135,751","26,827","6,967","10,090","14,080","25,722","19,469","14,426","18,170"
E09000019,Islington,E09000019,LONDON,F,"113,955","17,833","6,803","13,844","16,397","20,721","13,775","10,651","13,931"
E09000020,Kensington and Chelsea,E09000020,LONDON,F,"79,349","12,459","3,319","5,208","7,017","14,401","11,739","9,680","15,526"
E09000022,Lambeth,E09000022,LONDON,F,"161,553","28,027","7,198","15,247","25,209","30,899","20,903","16,034","18,036"
E09000023,Lewisham,E09000023,LONDON,F,"150,928","29,956","7,626","11,718","14,989","28,516","21,756","16,699","19,668"
E09000025,Newham,E09000025,LONDON,F,"158,711","37,086","10,378","14,660","17,358","27,761","19,689","14,828","16,951"
E09000028,Southwark,E09000028,LONDON,F,"155,377","28,199","8,304","15,744","19,717","29,218","20,422","16,177","17,596"
E09000030,Tower Hamlets,E09000030,LONDON,F,"141,787","28,962","8,597","15,741","22,609","29,312","14,318","9,555","12,693"
E09000032,Wandsworth,E09000032,LONDON,F,"163,300","27,536","6,293","13,698","24,517","35,649","20,831","13,887","20,889"
E09000033,Westminster,E09000033,LONDON,F,"116,782","18,934","5,379","8,892","13,233","22,584","15,880","12,577","19,303"
E09000002,Barking and Dagenham,E09000002,LONDON,F,"103,013","26,558","6,066","6,713","8,495","16,998","14,114","10,031","14,038"
E09000003,Barnet,E09000003,LONDON,F,"192,507","38,850","9,543","12,298","15,770","30,726","27,266","21,604","36,450"
E09000004,Bexley,E09000004,LONDON,F,"125,381","24,212","7,073","8,020","8,461","16,626","18,130","15,451","27,408"
E09000005,Brent,E09000005,LONDON,F,"159,667","32,895","8,618","10,810","15,299","26,625","21,504","18,555","25,361"
E09000006,Bromley,E09000006,LONDON,F,"168,786","31,529","8,155","8,923","10,549","24,434","25,511","21,045","38,640"
E09000008,Croydon,E09000008,LONDON,F,"195,098","41,110","10,529","11,567","14,840","30,127","28,052","24,399","34,474"
E09000009,Ealing,E09000009,LONDON,F,"170,822","35,703","8,756","10,515","14,821","29,064","24,589","19,136","28,238"
E09000010,Enfield,E09000010,LONDON,F,"168,632","36,325","9,203","11,001","13,413","25,856","24,181","19,516","29,137"
E09000011,Greenwich,E09000011,LONDON,F,"136,954","29,262","7,649","10,013","12,605","24,239","19,120","14,174","19,892"
E09000015,Harrow,E09000015,LONDON,F,"124,043","24,804","6,164","7,245","9,333","19,123","16,848","15,502","25,024"
E09000016,Havering,E09000016,LONDON,F,"129,449","23,668","7,020","7,876","8,969","16,721","17,476","16,198","31,521"
E09000017,Hillingdon,E09000017,LONDON,F,"148,724","30,891","8,772","10,864","11,896","23,302","20,023","16,912","26,064"
E09000018,Hounslow,E09000018,LONDON,F,"132,625","27,744","6,864","8,866","11,759","23,994","17,943","14,327","21,128"
E09000021,Kingston upon Thames,E09000021,LONDON,F,"88,067","16,780","5,300","6,905","6,909","14,473","12,491","9,450","15,759"
E09000024,Merton,E09000024,LONDON,F,"104,092","20,606","4,494","6,007","9,151","19,733","15,030","11,585","17,486"
E09000026,Redbridge,E09000026,LONDON,F,"149,390","32,662","8,460","9,594","12,621","24,696","19,883","16,388","25,086"
E09000027,Richmond upon Thames,E09000027,LONDON,F,"100,114","19,894","4,367","4,705","5,880","16,990","16,290","12,046","19,942"
E09000029,Sutton,E09000029,LONDON,F,"102,647","20,076","5,182","5,375","6,993","16,255","15,857","12,279","20,630"
E09000031,Waltham Forest,E09000031,LONDON,F,"135,651","28,837","7,074","9,337","12,692","24,186","19,209","14,546","19,770"
E06000036,Bracknell Forest,E06000036,SOUTH EAST,F,"60,123","12,184","3,325","3,135","4,011","9,169","9,289","7,827","11,183"
E06000043,Brighton and Hove,E06000043,SOUTH EAST,F,"141,990","22,298","10,354","15,946","11,343","20,250","20,804","15,708","25,287"
E06000046,Isle of Wight,E06000046,SOUTH EAST,F,"71,260","10,647","3,578","3,200","3,308","6,488","9,804","10,108","24,127"
E06000035,Medway,E06000035,SOUTH EAST,F,"139,172","27,362","8,556","10,125","9,633","18,070","19,382","17,412","28,632"
E06000042,Milton Keynes,E06000042,SOUTH EAST,F,"132,210","29,149","6,611","6,996","9,598","21,191","18,927","15,920","23,818"
E06000044,Portsmouth,E06000044,SOUTH EAST,F,"104,080","19,165","7,942","10,442","8,184","13,541","13,402","11,611","19,793"
E06000038,Reading,E06000038,SOUTH EAST,F,"80,337","16,173","5,509","7,307","6,789","13,229","10,228","8,067","13,035"
E06000039,Slough,E06000039,SOUTH EAST,F,"72,504","18,098","3,935","4,101","6,193","13,395","9,563","7,432","9,787"
E06000045,Southampton,E06000045,SOUTH EAST,F,"122,368","21,508","10,598","14,489","10,177","16,783","13,912","12,528","22,373"
E06000037,West Berkshire,E06000037,SOUTH EAST,F,"78,736","15,364","4,264","3,501","4,059","9,867","12,389","10,756","18,536"
E06000040,Windsor and Maidenhead,E06000040,SOUTH EAST,F,"74,507","14,221","3,549","3,399","4,163","10,250","11,591","9,383","17,951"
E06000041,Wokingham,E06000041,SOUTH EAST,F,"81,276","16,130","4,254","3,398","4,258","11,158","12,790","10,860","18,428"
E07000004,Aylesbury Vale,E07000004,SOUTH EAST,F,"95,406","18,714","4,997","4,973","5,957","12,524","14,632","12,652","20,957"
E07000005,Chiltern,E07000005,SOUTH EAST,F,"48,745","9,470","2,429","2,031","1,835","5,318","7,487","6,913","13,262"
E07000006,South Bucks,E07000006,SOUTH EAST,F,"35,773","6,526","1,662","1,687","1,796","4,138","5,320","4,922","9,722"
E07000007,Wycombe,E07000007,SOUTH EAST,F,"89,383","17,781","4,964","5,239","5,243","11,789","13,032","10,962","20,373"
E07000061,Eastbourne,E07000061,SOUTH EAST,F,"52,982","8,542","2,946","2,771","2,813","6,024","6,816","6,568","16,502"
E07000062,Hastings,E07000062,SOUTH EAST,F,"46,777","8,315","2,682","2,797","2,905","5,365","6,536","6,453","11,724"
E07000063,Lewes,E07000063,SOUTH EAST,F,"51,803","8,302","2,538","2,229","2,350","5,302","7,322","7,138","16,622"
E07000064,Rother,E07000064,SOUTH EAST,F,"48,455","6,865","2,218","1,879","1,829","3,900","6,017","6,875","18,872"
E07000065,Wealden,E07000065,SOUTH EAST,F,"81,090","13,127","4,023","3,390","3,304","7,750","11,686","11,739","26,071"
E07000084,Basingstoke and Deane,E07000084,SOUTH EAST,F,"87,763","16,950","4,495","4,314","5,633","12,322","13,503","11,404","19,142"
E07000085,East Hampshire,E07000085,SOUTH EAST,F,"60,828","10,511","3,306","2,574","2,586","6,366","9,196","9,055","17,234"
E07000086,Eastleigh,E07000086,SOUTH EAST,F,"65,813","11,924","3,296","3,523","4,093","8,575","9,574","8,761","16,067"
E07000087,Fareham,E07000087,SOUTH EAST,F,"58,493","9,513","2,999","2,670","3,039","6,249","8,806","8,157","17,060"
E07000088,Gosport,E07000088,SOUTH EAST,F,"42,508","7,704","2,319","2,412","2,696","4,955","5,999","5,631","10,792"
E07000089,Hart,E07000089,SOUTH EAST,F,"47,322","9,188","2,303","1,986","2,127","5,973","7,616","6,306","11,823"
E07000090,Havant,E07000090,SOUTH EAST,F,"63,382","10,483","3,549","3,391","3,346","6,428","8,755","8,893","18,537"
E07000091,New Forest,E07000091,SOUTH EAST,F,"92,970","14,025","4,320","3,880","4,066","8,753","12,561","13,102","32,263"
E07000092,Rushmoor,E07000092,SOUTH EAST,F,"47,623","9,180","2,624","3,059","3,672","7,253","7,284","5,638","8,913"
E07000093,Test Valley,E07000093,SOUTH EAST,F,"61,884","11,156","3,029","2,948","3,128","6,997","9,392","8,605","16,629"
E07000094,Winchester,E07000094,SOUTH EAST,F,"62,281","10,730","4,553","3,868","2,816","6,952","8,744","8,175","16,443"
E07000105,Ashford,E07000105,SOUTH EAST,F,"63,847","12,527","3,546","3,324","3,724","7,608","9,515","7,981","15,622"
E07000106,Canterbury,E07000106,SOUTH EAST,F,"81,930","12,296","8,180","8,653","4,113","7,973","9,815","9,508","21,392"
E07000107,Dartford,E07000107,SOUTH EAST,F,"52,731","10,678","2,815","3,172","4,147","7,855","7,683","6,059","10,322"
E07000108,Dover,E07000108,SOUTH EAST,F,"57,607","9,794","3,105","2,906","2,890","5,979","7,855","8,277","16,801"
E07000109,Gravesham,E07000109,SOUTH EAST,F,"53,805","10,743","3,012","3,391","3,614","6,976","7,529","6,597","11,943"
E07000110,Maidstone,E07000110,SOUTH EAST,F,"83,199","15,319","4,188","4,541","5,318","10,589","12,092","10,656","20,496"
E07000111,Sevenoaks,E07000111,SOUTH EAST,F,"60,997","11,489","2,980","2,820","2,816","7,135","9,216","8,114","16,427"
E07000112,Shepway,E07000112,SOUTH EAST,F,"55,718","9,122","2,828","2,896","2,877","5,778","7,673","7,562","16,982"
E07000113,Swale,E07000113,SOUTH EAST,F,"72,036","13,735","4,130","3,877","4,288","8,704","10,214","9,383","17,705"
E07000114,Thanet,E07000114,SOUTH EAST,F,"72,255","12,548","3,997","3,914","4,024","7,795","9,350","9,309","21,318"
E07000115,Tonbridge and Malling,E07000115,SOUTH EAST,F,"64,197","12,352","3,623","3,321","3,257","7,880","10,000","8,395","15,369"
E07000116,Tunbridge Wells,E07000116,SOUTH EAST,F,"58,951","11,521","3,239","2,626","3,157","7,126","9,112","7,679","14,491"
E07000177,Cherwell,E07000177,SOUTH EAST,F,"73,446","14,117","3,819","3,593","4,641","9,933","11,109","9,536","16,698"
E07000178,Oxford,E07000178,SOUTH EAST,F,"78,751","13,267","8,125","11,202","6,752","11,301","8,472","7,221","12,411"
E07000179,South Oxfordshire,E07000179,SOUTH EAST,F,"69,815","12,956","3,379","3,019","3,371","8,248","10,969","9,490","18,383"
E07000180,Vale of White Horse,E07000180,SOUTH EAST,F,"63,658","11,681","3,179","2,864","3,575","8,024","9,267","8,719","16,349"
E07000181,West Oxfordshire,E07000181,SOUTH EAST,F,"55,054","9,919","2,623","2,529","2,931","6,690","8,219","7,528","14,615"
E07000207,Elmbridge,E07000207,SOUTH EAST,F,"68,587","14,530","3,072","2,461","2,515","9,696","11,133","9,083","16,097"
E07000208,Epsom and Ewell,E07000208,SOUTH EAST,F,"40,693","7,739","2,425","2,295","2,043","5,470","6,142","5,137","9,442"
E07000209,Guildford,E07000209,SOUTH EAST,F,"72,911","12,758","5,112","6,482","4,762","9,185","9,952","8,838","15,822"
E07000210,Mole Valley,E07000210,SOUTH EAST,F,"44,087","7,732","2,169","1,796","1,802","4,863","6,585","6,392","12,748"
E07000211,Reigate and Banstead,E07000211,SOUTH EAST,F,"73,487","14,244","3,503","3,464","4,244","10,441","10,914","9,339","17,338"
E07000212,Runnymede,E07000212,SOUTH EAST,F,"43,911","7,194","3,454","4,157","2,662","5,366","6,046","5,343","9,689"
E07000213,Spelthorne,E07000213,SOUTH EAST,F,"49,879","8,957","2,387","2,539","3,105","7,106","7,426","6,414","11,945"
E07000214,Surrey Heath,E07000214,SOUTH EAST,F,"44,322","8,245","2,249","2,086","2,242","5,503","7,027","6,161","10,809"
E07000215,Tandridge,E07000215,SOUTH EAST,F,"44,170","8,047","2,315","2,032","2,223","5,307","6,612","6,096","11,538"
E07000216,Waverley,E07000216,SOUTH EAST,F,"63,089","11,787","3,389","2,577","2,371","7,451","9,545","8,388","17,581"
E07000217,Woking,E07000217,SOUTH EAST,F,"50,037","10,251","2,338","2,213","2,854","7,712","7,530","6,233","10,906"
E07000223,Adur,E07000223,SOUTH EAST,F,"32,676","5,441","1,507","1,442","1,677","3,956","4,647","4,254","9,752"
E07000224,Arun,E07000224,SOUTH EAST,F,"81,289","11,971","3,772","3,700","3,821","8,024","10,606","10,691","28,704"
E07000225,Chichester,E07000225,SOUTH EAST,F,"60,739","9,239","3,265","2,969","2,410","5,712","8,121","8,592","20,431"
E07000226,Crawley,E07000226,SOUTH EAST,F,"55,590","11,331","2,714","3,377","4,555","9,145","7,675","6,602","10,191"
E07000227,Horsham,E07000227,SOUTH EAST,F,"69,852","12,146","3,582","2,945","3,090","7,758","10,617","10,196","19,518"
E07000228,Mid Sussex,E07000228,SOUTH EAST,F,"74,503","13,745","3,633","3,192","3,781","9,467","11,386","9,850","19,449"
E07000229,Worthing,E07000229,SOUTH EAST,F,"55,877","9,206","2,667","2,658","3,058","6,864","8,155","7,210","16,059"
E06000022,Bath and North East Somerset,E06000022,SOUTH WEST,F,"93,734","14,808","7,771","8,785","5,215","9,946","12,266","11,600","23,343"
E06000028,Bournemouth,E06000028,SOUTH WEST,F,"96,607","15,215","6,951","8,122","7,103","13,452","11,861","10,920","22,983"
E06000023,Bristol,E06000023,SOUTH WEST,F,"224,565","41,151","16,198","24,003","21,133","32,775","26,340","22,872","40,093"
E06000052,Cornwall,E06000052,SOUTH WEST,F,"282,894","45,261","15,491","14,193","13,415","28,952","38,932","39,736","86,914"
E06000053,Isles of Scilly,E06000053,SOUTH WEST,F,"1,148",176,31,92,55,131,156,151,356
E06000024,North Somerset,E06000024,SOUTH WEST,F,"107,752","18,401","5,157","4,908","5,386","12,174","15,344","14,273","32,109"
E06000026,Plymouth,E06000026,SOUTH WEST,F,"132,127","22,655","9,542","11,082","8,766","15,801","17,311","16,081","30,889"
E06000029,Poole,E06000029,SOUTH WEST,F,"76,568","12,839","4,058","3,680","4,445","9,174","10,549","10,003","21,820"
E06000025,South Gloucestershire,E06000025,SOUTH WEST,F,"138,306","25,033","8,168","7,843","8,738","17,260","20,422","17,677","33,165"
E06000030,Swindon,E06000030,SOUTH WEST,F,"108,961","21,394","5,884","6,077","7,724","15,372","16,231","13,951","22,328"
E06000027,Torbay,E06000027,SOUTH WEST,F,"68,792","10,890","3,395","3,269","3,442","6,694","9,039","9,555","22,508"
E06000054,Wiltshire,E06000054,SOUTH WEST,F,"245,800","45,201","12,927","11,264","12,588","27,570","36,953","33,680","65,617"
E07000040,East Devon,E07000040,SOUTH WEST,F,"71,433","10,433","3,205","2,653","2,882","6,306","9,370","9,837","26,747"
E07000041,Exeter,E07000041,SOUTH WEST,F,"64,537","9,459","6,545","7,780","4,540","8,138","7,474","6,741","13,860"
E07000042,Mid Devon,E07000042,SOUTH WEST,F,"40,591","7,044","2,126","1,818","2,017","4,262","5,766","5,776","11,782"
E07000043,North Devon,E07000043,SOUTH WEST,F,"48,073","7,830","2,377","2,166","2,391","4,773","6,591","6,833","15,112"
E07000044,South Hams,E07000044,SOUTH WEST,F,"43,583","6,552","1,921","1,557","1,666","3,955","6,138","6,871","14,923"
E07000045,Teignbridge,E07000045,SOUTH WEST,F,"66,544","10,111","3,028","2,949","3,129","6,492","9,127","9,751","21,957"
E07000046,Torridge,E07000046,SOUTH WEST,F,"33,880","5,214","1,526","1,538","1,563","3,196","4,439","5,111","11,293"
E07000047,West Devon,E07000047,SOUTH WEST,F,"27,883","4,215","1,297","1,063","1,186","2,576","3,770","4,362","9,414"
E07000048,Christchurch,E07000048,SOUTH WEST,F,"25,461","3,611","1,137",992,"1,023","2,201","3,349","3,177","9,971"
E07000049,East Dorset,E07000049,SOUTH WEST,F,"45,983","6,610","2,030","1,870","1,601","3,851","6,007","6,532","17,482"
E07000050,North Dorset,E07000050,SOUTH WEST,F,"35,516","5,956","1,771","1,489","1,670","3,582","4,716","4,988","11,344"
E07000051,Purbeck,E07000051,SOUTH WEST,F,"23,319","3,587","1,131",951,"1,006","2,203","3,130","3,404","7,907"
E07000052,West Dorset,E07000052,SOUTH WEST,F,"52,225","7,617","2,441","1,895","2,085","4,328","6,703","7,753","19,403"
E07000053,Weymouth and Portland,E07000053,SOUTH WEST,F,"32,954","5,244","1,708","1,578","1,606","3,313","4,412","4,850","10,243"
E07000078,Cheltenham,E07000078,SOUTH WEST,F,"59,666","9,971","4,027","4,331","4,218","7,565","7,767","7,277","14,510"
E07000079,Cotswold,E07000079,SOUTH WEST,F,"43,970","6,856","2,260","1,901","1,760","4,183","6,515","6,544","13,951"
E07000080,Forest of Dean,E07000080,SOUTH WEST,F,"43,019","6,755","2,647","2,091","1,920","4,024","6,223","6,368","12,991"
E07000081,Gloucester,E07000081,SOUTH WEST,F,"64,433","12,543","3,719","4,067","4,715","8,404","9,127","8,066","13,792"
E07000082,Stroud,E07000082,SOUTH WEST,F,"59,271","10,142","2,937","2,694","2,789","6,223","9,052","8,658","16,776"
E07000083,Tewkesbury,E07000083,SOUTH WEST,F,"44,332","7,590","2,071","1,988","2,427","5,117","6,338","6,181","12,620"
E07000187,Mendip,E07000187,SOUTH WEST,F,"57,311","9,770","3,260","2,458","2,926","5,784","8,551","8,205","16,357"
E07000188,Sedgemoor,E07000188,SOUTH WEST,F,"61,226","10,528","3,231","3,141","3,201","6,255","8,610","8,511","17,749"
E07000189,South Somerset,E07000189,SOUTH WEST,F,"83,980","14,285","4,222","3,946","4,422","8,330","11,265","11,483","26,027"
E07000190,Taunton Deane,E07000190,SOUTH WEST,F,"58,747","10,074","3,008","2,928","3,414","6,494","8,179","7,898","16,752"
E07000191,West Somerset,E07000191,SOUTH WEST,F,"17,893","2,293",767,752,687,"1,328","2,055","2,689","7,322"
W06000001,Isle of Anglesey,W06000001,WALES,F,"35,527","5,848","1,648","1,805","1,871","3,475","4,614","4,955","11,311"
W06000002,Gwynedd,W06000002,WALES,F,"62,009","10,184","4,378","4,735","3,244","5,768","7,912","7,886","17,902"
W06000003,Conwy,W06000003,WALES,F,"59,681","9,174","2,867","2,728","2,829","5,562","7,891","8,424","20,206"
W06000004,Denbighshire,W06000004,WALES,F,"48,011","8,277","2,419","2,587","2,473","4,790","6,540","6,655","14,270"
W06000005,Flintshire,W06000005,WALES,F,"78,148","13,953","4,114","4,217","4,601","8,790","11,514","10,518","20,441"
W06000006,Wrexham,W06000006,WALES,F,"68,534","12,807","3,428","4,055","4,309","8,190","9,829","8,884","17,032"
W06000008,Ceredigion,W06000008,WALES,F,"37,167","5,382","3,092","3,563","1,449","3,121","4,307","5,057","11,196"
W06000009,Pembrokeshire,W06000009,WALES,F,"62,858","10,435","3,238","3,284","3,140","5,932","8,206","8,923","19,700"
W06000010,Carmarthenshire,W06000010,WALES,F,"94,502","15,856","4,990","4,995","5,067","9,974","12,551","13,649","27,420"
W06000011,Swansea,W06000011,WALES,F,"121,517","19,940","8,033","9,162","7,585","13,784","15,849","15,478","31,686"
W06000012,Neath Port Talbot,W06000012,WALES,F,"71,773","12,030","3,819","3,996","4,355","8,453","9,764","10,086","19,270"
W06000013,Bridgend,W06000013,WALES,F,"71,776","12,384","3,640","3,924","4,393","8,414","10,422","9,800","18,799"
W06000014,The Vale of Glamorgan,W06000014,WALES,F,"65,595","11,549","3,512","3,347","3,340","7,483","9,348","9,276","17,740"
W06000015,Cardiff,W06000015,WALES,F,"181,610","32,272","14,987","20,192","14,064","23,816","21,619","20,159","34,501"
W06000016,Rhondda Cynon Taf,W06000016,WALES,F,"120,966","21,697","7,025","8,260","7,971","14,351","16,534","15,538","29,590"
W06000018,Caerphilly,W06000018,WALES,F,"91,950","16,661","5,197","5,518","6,033","11,297","12,982","11,860","22,402"
W06000019,Blaenau Gwent,W06000019,WALES,F,"35,342","5,938","2,066","2,364","2,397","3,946","5,089","4,659","8,883"
W06000020,Torfaen,W06000020,WALES,F,"47,049","8,179","2,706","2,936","3,051","5,333","6,360","6,267","12,217"
W06000021,Monmouthshire,W06000021,WALES,F,"46,979","7,574","2,400","2,050","2,003","4,508","7,023","7,040","14,381"
W06000022,Newport,W06000022,WALES,F,"75,300","14,506","4,427","5,019","5,118","9,301","10,394","9,343","17,192"
W06000023,Powys,W06000023,WALES,F,"66,977","10,508","3,402","3,031","2,912","6,109","9,059","9,901","22,055"
W06000024,Merthyr Tydfil,W06000024,WALES,F,"30,254","5,367","1,739","1,950","2,184","3,603","4,101","4,082","7,228"
